-- phpMyAdmin SQL Dump
-- version 5.2.1
-- https://www.phpmyadmin.net/
--
-- Host: localhost:3307
-- Generation Time: Nov 14, 2023 at 04:34 PM
-- Server version: 10.4.28-MariaDB
-- PHP Version: 8.2.4

SET SQL_MODE = "NO_AUTO_VALUE_ON_ZERO";
START TRANSACTION;
SET time_zone = "+00:00";


/*!40101 SET @OLD_CHARACTER_SET_CLIENT=@@CHARACTER_SET_CLIENT */;
/*!40101 SET @OLD_CHARACTER_SET_RESULTS=@@CHARACTER_SET_RESULTS */;
/*!40101 SET @OLD_COLLATION_CONNECTION=@@COLLATION_CONNECTION */;
/*!40101 SET NAMES utf8mb4 */;

--
-- Database: `booking`
--

DELIMITER $$
--
-- Procedures
--
CREATE DEFINER=`root`@`localhost` PROCEDURE `Addghe` (IN `phong` INT(11), IN `ten` VARCHAR(50), IN `soghe` INT(11))   BEGIN
	-- Chuoi in ra man hinh--
        DECLARE str  VARCHAR(255) DEFAULT '';
        DECLARE i INT(11) DEFAULT 1;
        
        DECLARE gia INT(11);
        DECLARE loai varchar(50);
        
        
		Case ten
			when "A" then
				SET gia=50000;
                SET loai="Ghế thường";
			when "B" then
            	SET gia=50000;
                SET loai="Ghế thường";
			when "K" then
            	SET gia=110000;
                SET loai="Ghế đôi";
			else
				SET gia=55000;
                SET loai="Ghế vip";
		end case;
        WHILE (i <= soghe) DO
            SET str = concat(ten, i);
            SET i = i + 1;
            insert into ghes(Gia, Ten_ghe, Loai_ghe, Ma_phong) values(gia, str, loai, phong);
        END WHILE;
END$$

DELIMITER ;

-- --------------------------------------------------------

--
-- Table structure for table `chi_tiet_phims`
--

CREATE TABLE `chi_tiet_phims` (
  `Ma_phim` int(11) NOT NULL,
  `Dao_dien` varchar(50) NOT NULL,
  `Dien_vien` varchar(500) NOT NULL,
  `Ngon_ngu` varchar(50) NOT NULL,
  `Tom_tat` text NOT NULL,
  `Trailer` text NOT NULL,
  `Tuoi_gioi_han` int(11) NOT NULL,
  `Image` text DEFAULT NULL,
  `updated_at` datetime DEFAULT NULL,
  `created_at` datetime DEFAULT NULL
) ENGINE=InnoDB DEFAULT CHARSET=utf8 COLLATE=utf8_unicode_ci;

--
-- Dumping data for table `chi_tiet_phims`
--

INSERT INTO `chi_tiet_phims` (`Ma_phim`, `Dao_dien`, `Dien_vien`, `Ngon_ngu`, `Tom_tat`, `Trailer`, `Tuoi_gioi_han`, `Image`, `updated_at`, `created_at`) VALUES
(8, 'Michael Chaves', 'Taissa Farmiga, Bonnie Aarons, Storm Reid, Jonas Bloquet, Anna Popplewell', 'Tiếng Anh', 'Valak trở lại với \"Ác Quỷ Ma Sơ 2\". Đây sẽ là phần hậu truyện của Ác Quỷ Ma Sơ và đồng thời là phần phim thứ chín thuộc Vũ trụ The Conjuring. Lấy bối cảnh nước Pháp năm 1956, cùng cái chết bí ẩn của một linh mục, một giai thoại đáng sợ và ám ảnh sẽ mở ra. Phần phim tiếp tục xoay quanh nhân vật chính - Sơ Irene - do Taissa Farmiga thủ vai.', 'https://www.youtube.com/embed/otM2V_g8Kqo?rel=0&showinfo=0&autoplay=1', 18, 'https://github.com/haiquanbg1/Web/blob/main/web/public/Fe/images/the_nun_film.jpg?raw=true', '2023-09-27 09:41:41', '2023-09-25 08:11:21'),
(9, 'Hitoshi One', 'Yumiko Kobayashi, Miki Narahashi, Aoi Morikawa, Satomi Kourogi, Suzuki Mogura', 'Tiếng Việt', '3DCG! Shin Cậu Bé Bút Chì: Đại Chiến Siêu Năng Lực ~Sushi Bay~ xoay quanh câu chuyện về hai nguồn sáng đặc biệt từ vũ trụ mang theo siêu năng lực đặc biệt tới Trái Đất. Một nguồn sáng tích cực “nhập” vào nhóc Shin, khiến cặp mông núng nính của cậu chàng trở nên nóng bỏng và có khả năng điều khiển những đồ vật xung quanh theo ý muốn.', 'https://www.youtube.com/embed/P6CGQuA73w0?rel=0&showinfo=0&autoplay=1', 6, 'https://github.com/haiquanbg1/Web/blob/main/web/public/Fe/images/shin_film.jpg?raw=true', '2023-09-27 09:42:10', '2023-09-25 08:14:23'),
(10, 'Kenneth Branagh', 'Kenneth Branagh, Michelle Yeoh, Jamie Dornan, Tina Fey, Jude Hill', 'Tiếng Anh', 'Dựa trên tiểu thuyết Hallowe\'en Party của nhà văn Agatha Christie, hành trình phá án của thám tử Hercule Poirot tiếp tục được đưa lên màn ảnh rộng.', 'https://www.youtube.com/embed/maw2FnYE_a0?rel=0&showinfo=0&autoplay=1', 18, 'https://github.com/haiquanbg1/Web/blob/main/web/public/Fe/images/an_mang_o_venice.jpg?raw=true', '2023-09-27 09:41:05', '2023-09-25 09:53:34'),
(11, 'Scott Waugh', 'Jason Statham, 50 Cent, Megan Fox', 'Tiếng Anh', 'Sẵn sàng cho những màn cận chiến nghẹt thở từ “anh trọc” Jason Statham, “già gân” Sylvester Stallone cùng dàn sao mới toanh 50 Cent, Megan Fox và Tony Jaa', 'https://www.youtube.com/embed/TixcSyLkznw?rel=0&showinfo=0&autoplay=1', 18, 'https://github.com/haiquanbg1/Web/blob/main/web/public/Fe/images/bietdoidanhthue.png?raw=true', '2023-09-27 09:40:05', '2023-09-25 10:08:18'),
(12, 'Jason Yu', 'Lee Sun Kyun, Jung Yu Mi, Kim Gook Hee', 'Tiếng Hàn', 'Được Bong Joon Ho nhận xét là “phim kinh dị độc đáo nhất của thập kỷ\", ngôi vương phòng vé Hàn Quốc - MỘNG DU xoay quanh chuỗi sự kiện ma quái quấy rối giấc ngủ của một cặp vợ chồng trẻ. “Nó\" sẽ thức tỉnh lúc nửa đêm.', 'https://www.youtube.com/embed/WvffHiNHS8Q?rel=0&showinfo=0&autoplay=1', 16, 'https://files.betacorp.vn/files/media%2fimages%2f2023%2f09%2f27%2f500x750-1695625144958-095841-270923-52.png', '2023-09-27 15:11:49', '2023-09-27 15:11:49'),
(13, 'Nguyễn Quang Dũng', 'Hồng Ánh, Huỳnh Hạo Khang, Mai Tài Phến, Công Ninh, Hứa Vĩ Văn, Tuyền Mập, Tuấn Trần.', 'Tiếng Việt', 'Đất Rừng Phương Nam phiên bản điện ảnh được kế thừa và phát triển từ tiểu thuyết cùng tên của nhà văn Đoàn Giỏi và tác phẩm truyền hình nổi tiếng “Đất Phương Nam” của đạo diễn Nguyễn Vinh Sơn. Bộ phim kể về hành trình phiêu lưu của An - một cậu bé chẳng may mất mẹ trên đường đi tìm cha. Cùng với An, khán giả sẽ trải nghiệm sự trù phú của thiên nhiên và nét đẹp văn hoá đặc sắc của vùng đất Nam Kì Lục Tỉnh, sự hào hiệp của những người nông dân bám đất bám rừng và tinh thần yêu nước kháng Pháp đầu thế kỉ 20. Bên cạnh đó, tình cảm gia đình, tình bạn, tình người, tình thầy trò, tình yêu nước là những cung bậc cảm xúc sâu sắc sẽ đọng lại qua mỗi bước chân của An và đồng bạn.', 'https://www.youtube.com/embed/wMdBxzHaP6w?rel=0&showinfo=0&autoplay=1', 12, 'https://files.betacorp.vn/files/media%2fimages%2f2023%2f10%2f04%2f385416936%2D716209960553337%2D3035849014953668405%2Dn%2D162339%2D041023%2D58.png', '2023-10-14 14:08:09', '2023-10-14 14:08:09'),
(14, 'Thitipan Raksasat', 'Thanachat Tullayachat, Savika Chaiyadej, Denkhun Ngamnet, Panisara Rikulsurakan', 'Tiếng Thái', 'Ging đưa con trai đi nghỉ mát ở căn nhà gỗ nằm giữa rừng cây. Tuy nhiên, cậu bé đã bị bắt cóc vào lúc nửa đêm. Sau bao nỗ lực tìm kiếm, manh mối duy nhất của vụ án đều hướng về người đàn ông tên In, làm nghề mai táng ở đền thờ. Quá tuyệt vọng, Ging đành nhờ cậy thầy đồng địa phương thực hiện nghi lễ hiến tế giữa rừng để tìm tung tích con trai. Những bí ẩn trong ngôi nhà ven rừng dần lộ ra, những cơn ác mộng máu me và hàng loạt cái chết đột ngột ập tới, liệu Ging có đang vướng vào một âm mưu tà ám. Và rằng con trai cô có thật sự đang mất tích?', 'https://www.youtube.com/embed/HyuykY4fOxA?rel=0&showinfo=0&autoplay=1', 18, 'https://files.betacorp.vn/files/media%2fimages%2f2023%2f09%2f27%2fz4731364793788%2D48a5acdf3510b6a6d0917b85b5e4e402%2D142643%2D270923%2D73.png', '2023-10-14 14:08:09', '2023-10-14 14:08:09'),
(15, 'David Gordon Green', 'Jennifer Nettles, Ellen Burstyn, Leslie Odom Jr.', 'Tiếng anh', 'Phần tiếp theo của bộ phim năm 1973 kể về một cô bé 12 tuổi bị một thực thể ma quỷ bí ẩn chiếm hữu, buộc mẹ cô phải tìm đến sự giúp đỡ của hai linh mục để cứu cô.', 'https://www.youtube.com/embed/nFGOGdlMgTk?rel=0&showinfo=0&autoplay=1', 18, 'https://files.betacorp.vn/files/media%2fimages%2f2023%2f10%2f03%2f400x633%2D110201%2D031023%2D57.jpg', '2023-10-14 14:08:09', '2023-10-14 14:08:09'),
(16, 'Kim Sung-Sik', 'Gang Dong Won, Esom, Lee Dong Hwi, Kim Jong Soo, Lee Jung Eun, Park Myoung Hyun, Park So Yi', 'Tiếng Hàn', 'Chuyện phim xoay quanh nhân vật thầy trừ tà Cheon (Gang Dong Won thủ vai), cùng với chiến hữu của mình In Bae (Lee Dong Hwi thủ vai), chuyên đi lừa đảo với những màn trừ tà pha ke sử dụng công nghệ cao cùng khả năng hùng biện và tài thao túng tâm lý đỉnh cao. Tuy chuyên đi trừ tà nhưng cả hai đều không thể nhìn thấy và không tin vào ma quỷ cho tới khi họ phải đối đầu với một con ác quỷ thật đang khống chế em gái (Park So Yi thủ vai) của Yoo Kyung (Esom thủ vai). Yoo Kyung sở hữu đôi mắt âm dương có thể nhìn thấy những linh hồn. Kết hợp với thầy trừ tà Cheon và In Bae, họ phải đối đầu với con ác quỷ thật sự - Beom Cheom (Huh Joon Ho thủ vai) và từ đó, thầy trừ tà Cheon vô tình khám phá được bí mật đằng sau cái chết của em trai và ông nội mình. Nhận được sự giúp đỡ của một nhân vật bí ẩn cùng với những pha hành động trừ tà đẹp mắt, liệu thầy trừ tà Cheon có giúp được em gái của Yoo Kyung và diệt trừ ác quỷ đó?', 'https://www.youtube.com/embed/sLZacV9sZDc?rel=0&showinfo=0&autoplay=1', 16, 'https://files.betacorp.vn/files/media%2fimages%2f2023%2f10%2f03%2fcheon%2Dmain%2Dposter%2Dprinting%2D1%2D112321%2D031023%2D48.png', '2023-10-14 14:08:33', '2023-10-14 14:08:33'),
(17, 'Lương Đình Dũng', 'Quốc Toàn, Minh Hiền, Đức Trí, Tạ Xuân Tuế, Ba Trường', 'Tiếng Việt', 'Nhân vật chính là một chàng thanh niên 26 tuổi, sống đơn độc giữa trung tâm thành phố nhộn nhịp, mưu sinh bằng nghề mổ gà. Một ngày, sự xuất hiện của nhóm giang hồ và một cô gái điếm đã tác động đến cuộc sống của anh. Điều đó đã làm cho bản năng hoang dã của chàng thanh niên trỗi dậy không kiểm soát.', 'https://www.youtube.com/embed/Y0EMm3vMXyk?rel=0&showinfo=0&autoplay=1', 18, 'https://files.betacorp.vn/files/media%2fimages%2f2023%2f10%2f03%2fth%2Dnh%2Dph%2Dng%2Dg%2Dt%2Dpayoff%2Dposter%2Dkh%2Di%2Dchi%2Du%2D13%2D10%2D2023%2D1%2D113244%2D031023%2D35.png', '2023-10-14 14:08:33', '2023-10-14 14:08:33'),
(18, 'Kim Jee-Woon', 'Um Tae-goo, Yeom Hye-ran, Jung Woo-Sung, Jung Mi-hyeong, Jung Kyung-ho', 'Tiếng Hàn', 'Cú Máy Ăn Tiền lấy bối cảnh thực tế và câu chuyện làm phim những năm 1970 ở Hàn Quốc. Kim Yeol (Song Kang Ho thủ vai) - một đạo diễn điện ảnh có bộ phim đầu tay được giới phê bình khen ngợi, nhưng sự nghiệp của ông tuột dốc không phanh khi liên tiếp ra đời những tác phẩm bị coi là “phim rác”. Sau khi hoàn thành xong bộ phim mới nhất là Cobweb, đạo diễn Kim cảm thấy cần quay lại cái kết để có thể tạo ra một kiệt tác. Tuy nhiên, kịch bản mới không vượt qua được khâu kiểm duyệt và các diễn viên cũng không thể hiểu được cái kết mới của ông. Giữa lịch trình rối rắm, sự phản đối từ nhà sản xuất, sự can thiệp của cơ quan kiểm duyệt và những mâu thuẫn đang xung đột trước mắt khiến đạo diễn Kim như muốn phát điên, nhưng ông vẫn tiếp tục một cách bất chấp: “Nếu tôi có thể thay đổi cái kết, một kiệt tác sẽ xuất hiện. Tất cả những gì tôi cần là 2 ngày”.', 'https://www.youtube.com/embed/z5hcWvhK9Ps?rel=0&showinfo=0&autoplay=1', 16, 'https://files.betacorp.vn/files/media%2fimages%2f2023%2f10%2f09%2fcw%2D400x633%2D162007%2D091023%2D43.jpg', '2023-10-14 14:12:00', '2023-10-14 14:12:00'),
(19, 'Tân DS', 'Isaac, Rocker Nguyễn, La Thành, Emma Lê, Lợi Trần, Ngọc Hồ', 'Tiếng Việt', 'Bộ phim xoay quanh câu chuyện về các bạn trẻ dù xuất hiện tại những bối cảnh khác nhau và đối mặt vấn đề riêng, tất cả cùng có chung một điểm là những người trẻ đang đứng trước những ngọn núi phải chinh phục của chính mình.', 'https://www.youtube.com/embed/RqFV-tHeNeg?rel=0&showinfo=0&autoplay=1', 13, 'https://files.betacorp.vn/files/media%2fimages%2f2023%2f09%2f25%2fz4634513673125%2D74c3a1baf3aa7e6362fa00c94073e0d2%2D103834%2D250923%2D24.png', '2023-10-14 14:12:00', '2023-10-14 14:12:00'),
(20, 'John McPhail', 'Justin Long, Andrea Bang, Augustus Prew,...', 'Tiếng Anh', 'Ngay sau khi hoạ sĩ truyện tranh Adam (Augustus Prew) đáp trả những lời bắt nạt trên Internet, anh bắt đầu bị bóng đè khi ngủ - trong lúc đó một chiếc ghế bập bênh trống rỗng di chuyển trong góc căn hộ của anh ấy. Khi ghi lại những sự đáng sợ này trong một loạt dòng tweet, Adam bắt đầu tin rằng mình đang bị ám ảnh bởi hồn ma của một đứa trẻ đã chết tên là David. Được ông chủ BuzzFeed khuyến khích đào sâu chủ đề \"Dear David\", Adam bắt đầu mất nhận thức, không biết ranh giới giữa thực và ảo. Phim dựa trên chủ đề lan truyền trên Twitter của hoạ sĩ truyện tranh BuzzFeed Adma Ellis năm 2017.', 'https://www.youtube.com/embed/34VcKqtff7M?rel=0&showinfo=0&autoplay=1', 18, 'https://files.betacorp.vn/files/media%2fimages%2f2023%2f11%2f03%2fposter%2Ddear%2Ddavid%2D400x633px%2D163520%2D031123%2D37.png', '2023-11-13 14:59:09', '2023-11-13 14:59:09'),
(21, 'Benjamin Renner', 'Kumail Nanjiani, Elizabeth Banks, Caspar Jennings, Tresi Gazal, Awkwafina,…', 'Tiếng Việt', 'Nhà Vịt Di Cư theo chân một gia đình vịt trời gồm vịt bố, vịt mẹ, cậu con trai tuổi teen Dax và vịt út Gwen, trong lần đầu tiên trải nghiệm chuyến di cư tiến về phía nam để trú đông. Thế nhưng, niềm vui vẻ sự háo hức kéo dài không bao lâu, gia đình vịt nhận ra, họ đang bay ngược chiều với tất cả các đàn vịt khác. Không kịp quay đầu, họ bất ngờ gặp phải loạt “chướng ngại vật” là những tòa nhà cao tầng của thành phố hiện đại. Liên tiếp sau đó là những thước phim đầy kịch tính nhưng vô cùng hài hước của nhà vịt trong quá trình khám phá đô thị mới.', 'https://www.youtube.com/embed/865RCGVYcSc?rel=0&showinfo=0&autoplay=1', 3, 'https://files.betacorp.vn/files/media%2fimages%2f2023%2f11%2f03%2fnha%2Dvit%2Ddi%2Dcu%2D140340%2D031123%2D76.jpg', '2023-11-13 15:02:42', '2023-11-13 15:02:42'),
(22, 'William Inhyuk Hyung', 'Danny Ahn, Kim Min Chae, Hong Kyung In', 'Tiếng Hàn', 'Một chuyến đi chơi lãng mạn bỗng biến thành cơn ác mộng khi cặp đôi bị săn lùng ở trên núi bởi một kẻ tâm thần đeo mặt nạ và họ buộc phải đối mặt với một sự thật đau lòng.', 'https://www.youtube.com/embed/AobwpjWTs40?rel=0&showinfo=0&autoplay=1', 18, 'https://files.betacorp.vn/files/media%2fimages%2f2023%2f11%2f10%2fchabak%2D164903%2D101123%2D42.jpg', '2023-11-13 15:04:58', '2023-11-13 15:04:58'),
(23, 'Tim Heitz', 'Anna Kendrick, Justin Timberlake, Troye Sivan', 'Tiếng Anh', 'Sự xuất hiện đột ngột của John Dory, anh trai thất lạc đã lâu của Branch mở ra quá khứ bí mật được che giấu bấy lâu nay của Branch. Đó là quá khứ về một ban nhạc có tên BroZone từng rất nổi tiếng nhưng đã tan rã. Hành trình đi tìm lại các thành viên để làm một ban nhạc như xưa trở thành chuyến phiêu lưu âm nhạc đầy cảm xúc, tràn trề hi vọng về một cuộc sum họp gia đình tuyệt với nhất.', 'https://www.youtube.com/embed/EVmx_ZZPVfo?rel=0&showinfo=0&autoplay=1', 5, 'https://files.betacorp.vn/files/media%2fimages%2f2023%2f11%2f07%2f369591159%2D298754376402948%2D3550585973979921362%2Dn%2D1%2D143058%2D071123%2D26.jpg', '2023-11-13 15:06:57', '2023-11-13 15:06:57'),
(24, 'Kim Chang-hoon', 'Hong Xa-bin, Song Joong-ki, Kim Hyoung-seo', 'Tiếng Hàn', 'Để thoát khỏi cuộc sống địa ngục, cậu thiếu niên 17 tuổi lầm tưởng con đường tội ác chính là \"thiên đường\" nơi cậu thuộc về. Giữa chốn tối tăm nhất của cuộc đời, hy vọng le lói và những tội ác không thể quay đầu cứ bám chặt lấy cậu.', 'https://www.youtube.com/embed/VLfVjEJoxgY?rel=0&showinfo=0&autoplay=1', 18, 'https://files.betacorp.vn/files/media%2fimages%2f2023%2f11%2f10%2fhopeless%2D165847%2D101123%2D82.jpg', '2023-11-13 15:08:31', '2023-11-13 15:08:31'),
(25, 'Park Jin - pyo', 'Shin Hae-sun, Lee Jun-young, Cha Chung-hwa,...', 'Tiếng Hàn', 'Si-min là một võ sĩ quyền anh đầy triển vọng nhưng đã từ bỏ quyền thi đấu tại kỳ Thế vận hội Olympic để lấy tiền trả nợ cho cha. Cô trở thành giáo viên hợp đồng của một trường trung học có tiếng cùng mục tiêu trở thành giáo viên chính thức ở đây. Tuy nhiên, Han Soo-Gang - kẻ cầm đầu của một băng đảng quậy phá, chuyên đi bắt nạt và hành hạ người yếu thế đã phá vỡ quy tắc của Si-min. Không thể chịu đựng được những hành vi bạo lực học đường của Soo-Gang, Si-min đeo lên một chiếc mặt nạ mèo và dạy cho tên côn đồ một bài học đáng nhớ.', 'https://www.youtube.com/embed/1LinV73o7WM?rel=0&showinfo=0&autoplay=1', 16, 'https://files.betacorp.vn/files/media%2fimages%2f2023%2f11%2f08%2fbc%2Dteaser%2Dposter%2D400x633%2D173216%2D081123%2D90.jpg', '2023-11-13 15:10:01', '2023-11-13 15:10:01'),
(26, 'Timothy Linh Bùi', 'Chi Pu, Thuận Nguyễn, Trần Ngọc Vàng, Trịnh Thảo,...', 'Tiếng Việt', '400 năm qua, loài Ma Cà Rồng đã bí mật sống giữa loài người trong hòa bình, nhưng hiểm họa bỗng ập đến khi một cô gái loài người phát hiện được thân phận của hai anh em Ma Cà Rồng. Người anh khát máu quyết săn lùng cô để bảo vệ bí mật giống loài, trong khi người còn lại chạy đua với thời gian để bảo vệ cô bằng mọi giá.', 'https://www.youtube.com/embed/L3t9jW4eRAs?rel=0&showinfo=0&autoplay=1', 18, 'https://files.betacorp.vn/files/media%2fimages%2f2023%2f11%2f07%2fnguoi%2Dmat%2Dtroi%2D143815%2D071123%2D74.jpg', '2023-11-13 15:12:15', '2023-11-13 15:12:15'),
(27, 'Victor Vũ', 'Kaity Nguyễn, Thuận Nguyễn, Ngọc Diệp, Quang Thắng', 'Tiếng Việt', 'Lấy cảm hứng từ tiểu thuyết Hồ Oán Hận, của nhà văn Hồng Thái, Người Vợ Cuối Cùng là một bộ phim tâm lý cổ trang, lấy bối cảnh Việt Nam vào triều Nguyễn. LINH - Người vợ bất đắc dĩ của một viên quan tri huyện, xuất thân là con của một gia đình nông dân nghèo khó, vì không thể hoàn thành nghĩa vụ sinh con nối dõi nên đã chịu sự chèn ép của những người vợ lớn trong gia đình. Sự gặp gỡ tình cờ của cô và người yêu thời thanh mai trúc mã của mình - NHÂN đã dẫn đến nhiều câu chuyện bất ngờ xảy ra khiến cuộc sống cô hoàn toàn thay đổi.', 'https://www.youtube.com/embed/-ldGzobXIss?rel=0&showinfo=0&autoplay=1', 18, 'https://files.betacorp.vn/files/media%2fimages%2f2023%2f10%2f10%2f384512522%2D860973838723843%2D7797595519513200784%2Dn%2Dcopy%2D103620%2D101023%2D46.jpg', '2023-11-13 15:19:16', '2023-11-13 15:19:16'),
(28, 'Thắng Vũ', 'Miu Lê, Lãnh Thanh, Karik, Phương Anh Đào,...', 'Tiếng Việt', 'Kể về người vợ của một gia đình thượng lưu thuê cô bảo mẫu “trong mơ” để chăm sóc con trai mình. Nhưng cô không ngờ rằng, phía sau sự trong sáng, tinh khiết kia, cô bảo mẫu luôn che giấu âm mưu nhằm phá hoại hạnh phúc gia đình và khiến cuộc sống của cô thay đổi mãi mãi.', 'https://www.youtube.com/embed/_Jqbhj_3z-A?rel=0&showinfo=0&autoplay=1', 18, 'https://files.betacorp.vn/files/media%2fimages%2f2023%2f11%2f08%2f400wx633h%2D103706%2D081123%2D69.jpg', '2023-11-13 15:21:21', '2023-11-13 15:21:21'),
(29, 'Nia DaCosta', 'Brie Larson, Iman Vellani, Teyonah Parris, Zawe Ashton', 'Tiếng Anh', 'Carol Danvers bị vướng vào sức mạnh của Kamala Khan và Monica Rambeau, buộc họ phải hợp tác cùng nhau để cứu vũ trụ.', 'https://www.youtube.com/embed/mYH_lhATufU?rel=0&showinfo=0&autoplay=1', 13, 'https://files.betacorp.vn/files/media%2fimages%2f2023%2f10%2f23%2f400x633%2D133942%2D231023%2D43.png', '2023-11-13 15:30:13', '2023-11-13 15:30:13'),
(30, 'demo', 'demo', 'demo', 'demo', 'demo', 1, 'demo', '2023-11-14 15:11:44', '2023-11-14 15:11:44');

-- --------------------------------------------------------

--
-- Table structure for table `danh_sach_phims`
--

CREATE TABLE `danh_sach_phims` (
  `Ma_phim` int(10) NOT NULL,
  `Ten_phim` text DEFAULT NULL,
  `Thoi_luong` int(10) NOT NULL,
  `Ngay_khoi_chieu` date NOT NULL,
  `The_loai` varchar(500) DEFAULT NULL,
  `updated_at` datetime DEFAULT NULL,
  `created_at` datetime DEFAULT NULL,
  `Trang_thai` bit(1) DEFAULT b'1'
) ENGINE=InnoDB DEFAULT CHARSET=utf8 COLLATE=utf8_unicode_ci;

--
-- Dumping data for table `danh_sach_phims`
--

INSERT INTO `danh_sach_phims` (`Ma_phim`, `Ten_phim`, `Thoi_luong`, `Ngay_khoi_chieu`, `The_loai`, `updated_at`, `created_at`, `Trang_thai`) VALUES
(8, 'Ác Quỷ Ma Sơ II', 110, '2023-09-08', 'Kinh Dị, Hồi Hộp', '2023-11-13 15:23:32', '2023-09-25 08:11:21', b'0'),
(9, '3DCG! Shin - Cậu Bé Bút Chì: Đại Chiến Siêu Năng Lực ~ Shusi Bay ~', 94, '2023-08-25', 'Hoạt hình, Phiêu lưu', '2023-09-29 07:41:23', '2023-09-25 08:14:23', b'0'),
(10, 'Án Mạng Ở Venice', 103, '2023-09-15', 'Tội Phạm, Tâm lý', '2023-09-25 09:53:34', '2023-09-25 09:53:34', b'1'),
(11, 'Biệt Đội Đánh Thuê 4', 103, '2023-09-22', 'Hành động, Phiêu lưu', '2023-09-25 10:08:18', '2023-09-25 10:08:18', b'1'),
(12, 'Mộng Du', 100, '2023-10-06', 'Tâm lý, Kinh dị', '2023-09-27 15:11:49', '2023-09-27 15:11:49', b'1'),
(13, 'Đất Rừng Phương Nam', 110, '2023-10-20', 'Tâm lý', '2023-10-14 13:43:02', '2023-10-14 13:43:02', b'1'),
(14, 'Kumanthong: Quỷ Linh Nhi', 87, '2023-10-06', 'Kinh Dị', '2023-10-14 13:49:20', '2023-10-14 13:49:20', b'1'),
(15, 'Quỷ Ám: Tín Đồ', 111, '2023-10-06', 'Kinh Dị', '2023-10-14 13:49:20', '2023-10-14 13:49:20', b'1'),
(16, 'Thanh Gươm Trừ Tà', 98, '2023-10-06', 'Hài Hước, Kinh Dị', '2023-10-14 13:49:20', '2023-10-14 13:49:20', b'1'),
(17, 'Thành Phố Ngủ Gật', 73, '2023-10-13', 'Hồi Hộp, Tội Phạm', '2023-10-14 13:49:20', '2023-10-14 13:49:20', b'1'),
(18, 'Cú Máy Ăn Tiền', 132, '2023-10-13', 'Tâm lý, Hài hước', '2023-10-14 13:49:20', '2023-10-14 13:49:20', b'1'),
(19, 'Giao Lộ 8675', 107, '2023-10-06', 'Hài hước, Hành động', '2023-10-14 13:49:20', '2023-10-14 13:49:20', b'1'),
(20, 'Vong Ám', 94, '2023-11-10', 'Kinh dị', '2023-11-13 14:59:09', '2023-11-13 14:59:09', b'1'),
(21, 'Nhà Vịt Di Cư', 82, '2023-12-22', 'Hoạt hình, Hài hước', '2023-11-13 15:02:42', '2023-11-13 15:02:42', b'1'),
(22, 'Đêm Hẹn Hò Đẫm Máu', 84, '2023-11-17', 'Tâm lý, Tình cảm', '2023-11-13 15:04:58', '2023-11-13 15:04:58', b'1'),
(23, 'Quỷ Lùn Tinh Nghịch: Đồng Tâm Hiệp Nhạc', 92, '2023-11-17', 'Phiêu lưu, Âm Nhạc', '2023-11-13 15:06:57', '2023-11-13 15:06:57', b'1'),
(24, 'Hopeless', 133, '2023-11-17', 'Tội Phạm, Tâm lý', '2023-11-13 15:08:31', '2023-11-13 15:08:31', b'1'),
(25, 'Cô Giáo Em Là Số 1', 112, '2023-11-24', 'Hài hước, Hành động', '2023-11-13 15:10:01', '2023-11-13 15:10:01', b'1'),
(26, 'Người Mặt Trời', 101, '2023-12-08', 'Tâm lý, Hành động', '2023-11-13 15:12:15', '2023-11-13 15:12:15', b'1'),
(27, 'Người Vợ Cuối Cùng', 132, '2023-11-03', 'Tình cảm, Tâm lý', '2023-11-13 15:19:16', '2023-11-13 15:19:16', b'1'),
(28, 'Chiếm Đoạt', 113, '2023-11-24', 'Hồi Hộp, Tâm lý', '2023-11-13 15:21:21', '2023-11-13 15:21:21', b'1'),
(29, 'Biệt Đội Marvel', 104, '2023-11-10', 'Hành động, Phiêu lưu', '2023-11-13 15:30:13', '2023-11-13 15:30:13', b'1'),
(30, 'demo', 100, '2023-11-13', 'demo', '2023-11-14 15:12:45', '2023-11-14 15:11:44', b'0');

-- --------------------------------------------------------

--
-- Table structure for table `ghes`
--

CREATE TABLE `ghes` (
  `Ma_ghe` int(11) NOT NULL,
  `Ten_ghe` varchar(50) NOT NULL,
  `Loai_ghe` varchar(50) NOT NULL,
  `Ma_phong` int(11) DEFAULT NULL,
  `Gia` double DEFAULT NULL
) ENGINE=InnoDB DEFAULT CHARSET=utf8 COLLATE=utf8_unicode_ci;

--
-- Dumping data for table `ghes`
--

INSERT INTO `ghes` (`Ma_ghe`, `Ten_ghe`, `Loai_ghe`, `Ma_phong`, `Gia`) VALUES
(1, 'A1', 'Ghế thường', 1, 50000),
(2, 'A2', 'Ghế thường', 1, 50000),
(3, 'A3', 'Ghế thường', 1, 50000),
(4, 'A4', 'Ghế thường', 1, 50000),
(5, 'A5', 'Ghế thường', 1, 50000),
(6, 'A6', 'Ghế thường', 1, 50000),
(7, 'A7', 'Ghế thường', 1, 50000),
(8, 'A8', 'Ghế thường', 1, 50000),
(9, 'A9', 'Ghế thường', 1, 50000),
(10, 'A10', 'Ghế thường', 1, 50000),
(11, 'B1', 'Ghế thường', 1, 50000),
(12, 'B2', 'Ghế thường', 1, 50000),
(13, 'B3', 'Ghế thường', 1, 50000),
(14, 'B4', 'Ghế thường', 1, 50000),
(15, 'B5', 'Ghế thường', 1, 50000),
(16, 'B6', 'Ghế thường', 1, 50000),
(17, 'B7', 'Ghế thường', 1, 50000),
(18, 'B8', 'Ghế thường', 1, 50000),
(19, 'B9', 'Ghế thường', 1, 50000),
(20, 'B10', 'Ghế thường', 1, 50000),
(21, 'C1', 'Ghế vip', 1, 55000),
(22, 'C2', 'Ghế vip', 1, 55000),
(23, 'C3', 'Ghế vip', 1, 55000),
(24, 'C4', 'Ghế vip', 1, 55000),
(25, 'C5', 'Ghế vip', 1, 55000),
(26, 'C6', 'Ghế vip', 1, 55000),
(27, 'C7', 'Ghế vip', 1, 55000),
(28, 'C8', 'Ghế vip', 1, 55000),
(29, 'C9', 'Ghế vip', 1, 55000),
(30, 'C10', 'Ghế vip', 1, 55000),
(31, 'D1', 'Ghế vip', 1, 55000),
(32, 'D2', 'Ghế vip', 1, 55000),
(33, 'D3', 'Ghế vip', 1, 55000),
(34, 'D4', 'Ghế vip', 1, 55000),
(35, 'D5', 'Ghế vip', 1, 55000),
(36, 'D6', 'Ghế vip', 1, 55000),
(37, 'D7', 'Ghế vip', 1, 55000),
(38, 'D8', 'Ghế vip', 1, 55000),
(39, 'D9', 'Ghế vip', 1, 55000),
(40, 'D10', 'Ghế vip', 1, 55000),
(41, 'E1', 'Ghế vip', 1, 55000),
(42, 'E2', 'Ghế vip', 1, 55000),
(43, 'E3', 'Ghế vip', 1, 55000),
(44, 'E4', 'Ghế vip', 1, 55000),
(45, 'E5', 'Ghế vip', 1, 55000),
(46, 'E6', 'Ghế vip', 1, 55000),
(47, 'E7', 'Ghế vip', 1, 55000),
(48, 'E8', 'Ghế vip', 1, 55000),
(49, 'E9', 'Ghế vip', 1, 55000),
(50, 'E10', 'Ghế vip', 1, 55000),
(51, 'F1', 'Ghế vip', 1, 55000),
(52, 'F2', 'Ghế vip', 1, 55000),
(53, 'F3', 'Ghế vip', 1, 55000),
(54, 'F4', 'Ghế vip', 1, 55000),
(55, 'F5', 'Ghế vip', 1, 55000),
(56, 'F6', 'Ghế vip', 1, 55000),
(57, 'F7', 'Ghế vip', 1, 55000),
(58, 'F8', 'Ghế vip', 1, 55000),
(59, 'F9', 'Ghế vip', 1, 55000),
(60, 'F10', 'Ghế vip', 1, 55000),
(61, 'G1', 'Ghế vip', 1, 55000),
(62, 'G2', 'Ghế vip', 1, 55000),
(63, 'G3', 'Ghế vip', 1, 55000),
(64, 'G4', 'Ghế vip', 1, 55000),
(65, 'G5', 'Ghế vip', 1, 55000),
(66, 'G6', 'Ghế vip', 1, 55000),
(67, 'G7', 'Ghế vip', 1, 55000),
(68, 'G8', 'Ghế vip', 1, 55000),
(69, 'G9', 'Ghế vip', 1, 55000),
(70, 'G10', 'Ghế vip', 1, 55000),
(71, 'H1', 'Ghế vip', 1, 55000),
(72, 'H2', 'Ghế vip', 1, 55000),
(73, 'H3', 'Ghế vip', 1, 55000),
(74, 'H4', 'Ghế vip', 1, 55000),
(75, 'H5', 'Ghế vip', 1, 55000),
(76, 'H6', 'Ghế vip', 1, 55000),
(77, 'H7', 'Ghế vip', 1, 55000),
(78, 'H8', 'Ghế vip', 1, 55000),
(79, 'H9', 'Ghế vip', 1, 55000),
(80, 'H10', 'Ghế vip', 1, 55000),
(81, 'I1', 'Ghế vip', 1, 55000),
(82, 'I2', 'Ghế vip', 1, 55000),
(83, 'I3', 'Ghế vip', 1, 55000),
(84, 'I4', 'Ghế vip', 1, 55000),
(85, 'I5', 'Ghế vip', 1, 55000),
(86, 'I6', 'Ghế vip', 1, 55000),
(87, 'I7', 'Ghế vip', 1, 55000),
(88, 'I8', 'Ghế vip', 1, 55000),
(89, 'I9', 'Ghế vip', 1, 55000),
(90, 'I10', 'Ghế vip', 1, 55000),
(91, 'K1', 'Ghế đôi', 1, 110000),
(92, 'K2', 'Ghế đôi', 1, 110000),
(93, 'K3', 'Ghế đôi', 1, 110000),
(94, 'K4', 'Ghế đôi', 1, 110000),
(95, 'K5', 'Ghế đôi', 1, 110000),
(96, 'A1', 'Ghế thường', 2, 50000),
(97, 'A2', 'Ghế thường', 2, 50000),
(98, 'A3', 'Ghế thường', 2, 50000),
(99, 'A4', 'Ghế thường', 2, 50000),
(100, 'A5', 'Ghế thường', 2, 50000),
(101, 'A6', 'Ghế thường', 2, 50000),
(102, 'A7', 'Ghế thường', 2, 50000),
(103, 'A8', 'Ghế thường', 2, 50000),
(104, 'A9', 'Ghế thường', 2, 50000),
(105, 'A10', 'Ghế thường', 2, 50000),
(106, 'B1', 'Ghế thường', 2, 50000),
(107, 'B2', 'Ghế thường', 2, 50000),
(108, 'B3', 'Ghế thường', 2, 50000),
(109, 'B4', 'Ghế thường', 2, 50000),
(110, 'B5', 'Ghế thường', 2, 50000),
(111, 'B6', 'Ghế thường', 2, 50000),
(112, 'B7', 'Ghế thường', 2, 50000),
(113, 'B8', 'Ghế thường', 2, 50000),
(114, 'B9', 'Ghế thường', 2, 50000),
(115, 'B10', 'Ghế thường', 2, 50000),
(116, 'C1', 'Ghế vip', 2, 55000),
(117, 'C2', 'Ghế vip', 2, 55000),
(118, 'C3', 'Ghế vip', 2, 55000),
(119, 'C4', 'Ghế vip', 2, 55000),
(120, 'C5', 'Ghế vip', 2, 55000),
(121, 'C6', 'Ghế vip', 2, 55000),
(122, 'C7', 'Ghế vip', 2, 55000),
(123, 'C8', 'Ghế vip', 2, 55000),
(124, 'C9', 'Ghế vip', 2, 55000),
(125, 'C10', 'Ghế vip', 2, 55000),
(126, 'D1', 'Ghế vip', 2, 55000),
(127, 'D2', 'Ghế vip', 2, 55000),
(128, 'D3', 'Ghế vip', 2, 55000),
(129, 'D4', 'Ghế vip', 2, 55000),
(130, 'D5', 'Ghế vip', 2, 55000),
(131, 'D6', 'Ghế vip', 2, 55000),
(132, 'D7', 'Ghế vip', 2, 55000),
(133, 'D8', 'Ghế vip', 2, 55000),
(134, 'D9', 'Ghế vip', 2, 55000),
(135, 'D10', 'Ghế vip', 2, 55000),
(136, 'E1', 'Ghế vip', 2, 55000),
(137, 'E2', 'Ghế vip', 2, 55000),
(138, 'E3', 'Ghế vip', 2, 55000),
(139, 'E4', 'Ghế vip', 2, 55000),
(140, 'E5', 'Ghế vip', 2, 55000),
(141, 'E6', 'Ghế vip', 2, 55000),
(142, 'E7', 'Ghế vip', 2, 55000),
(143, 'E8', 'Ghế vip', 2, 55000),
(144, 'E9', 'Ghế vip', 2, 55000),
(145, 'E10', 'Ghế vip', 2, 55000),
(146, 'F1', 'Ghế vip', 2, 55000),
(147, 'F2', 'Ghế vip', 2, 55000),
(148, 'F3', 'Ghế vip', 2, 55000),
(149, 'F4', 'Ghế vip', 2, 55000),
(150, 'F5', 'Ghế vip', 2, 55000),
(151, 'F6', 'Ghế vip', 2, 55000),
(152, 'F7', 'Ghế vip', 2, 55000),
(153, 'F8', 'Ghế vip', 2, 55000),
(154, 'F9', 'Ghế vip', 2, 55000),
(155, 'F10', 'Ghế vip', 2, 55000),
(156, 'G1', 'Ghế vip', 2, 55000),
(157, 'G2', 'Ghế vip', 2, 55000),
(158, 'G3', 'Ghế vip', 2, 55000),
(159, 'G4', 'Ghế vip', 2, 55000),
(160, 'G5', 'Ghế vip', 2, 55000),
(161, 'G6', 'Ghế vip', 2, 55000),
(162, 'G7', 'Ghế vip', 2, 55000),
(163, 'G8', 'Ghế vip', 2, 55000),
(164, 'G9', 'Ghế vip', 2, 55000),
(165, 'G10', 'Ghế vip', 2, 55000),
(166, 'H1', 'Ghế vip', 2, 55000),
(167, 'H2', 'Ghế vip', 2, 55000),
(168, 'H3', 'Ghế vip', 2, 55000),
(169, 'H4', 'Ghế vip', 2, 55000),
(170, 'H5', 'Ghế vip', 2, 55000),
(171, 'H6', 'Ghế vip', 2, 55000),
(172, 'H7', 'Ghế vip', 2, 55000),
(173, 'H8', 'Ghế vip', 2, 55000),
(174, 'H9', 'Ghế vip', 2, 55000),
(175, 'H10', 'Ghế vip', 2, 55000),
(176, 'I1', 'Ghế vip', 2, 55000),
(177, 'I2', 'Ghế vip', 2, 55000),
(178, 'I3', 'Ghế vip', 2, 55000),
(179, 'I4', 'Ghế vip', 2, 55000),
(180, 'I5', 'Ghế vip', 2, 55000),
(181, 'I6', 'Ghế vip', 2, 55000),
(182, 'I7', 'Ghế vip', 2, 55000),
(183, 'I8', 'Ghế vip', 2, 55000),
(184, 'I9', 'Ghế vip', 2, 55000),
(185, 'I10', 'Ghế vip', 2, 55000),
(186, 'K1', 'Ghế đôi', 2, 110000),
(187, 'K2', 'Ghế đôi', 2, 110000),
(188, 'K3', 'Ghế đôi', 2, 110000),
(189, 'K4', 'Ghế đôi', 2, 110000),
(190, 'K5', 'Ghế đôi', 2, 110000),
(191, 'A1', 'Ghế thường', 3, 50000),
(192, 'A2', 'Ghế thường', 3, 50000),
(193, 'A3', 'Ghế thường', 3, 50000),
(194, 'A4', 'Ghế thường', 3, 50000),
(195, 'A5', 'Ghế thường', 3, 50000),
(196, 'A6', 'Ghế thường', 3, 50000),
(197, 'A7', 'Ghế thường', 3, 50000),
(198, 'A8', 'Ghế thường', 3, 50000),
(199, 'A9', 'Ghế thường', 3, 50000),
(200, 'A10', 'Ghế thường', 3, 50000),
(201, 'B1', 'Ghế thường', 3, 50000),
(202, 'B2', 'Ghế thường', 3, 50000),
(203, 'B3', 'Ghế thường', 3, 50000),
(204, 'B4', 'Ghế thường', 3, 50000),
(205, 'B5', 'Ghế thường', 3, 50000),
(206, 'B6', 'Ghế thường', 3, 50000),
(207, 'B7', 'Ghế thường', 3, 50000),
(208, 'B8', 'Ghế thường', 3, 50000),
(209, 'B9', 'Ghế thường', 3, 50000),
(210, 'B10', 'Ghế thường', 3, 50000),
(211, 'C1', 'Ghế vip', 3, 55000),
(212, 'C2', 'Ghế vip', 3, 55000),
(213, 'C3', 'Ghế vip', 3, 55000),
(214, 'C4', 'Ghế vip', 3, 55000),
(215, 'C5', 'Ghế vip', 3, 55000),
(216, 'C6', 'Ghế vip', 3, 55000),
(217, 'C7', 'Ghế vip', 3, 55000),
(218, 'C8', 'Ghế vip', 3, 55000),
(219, 'C9', 'Ghế vip', 3, 55000),
(220, 'C10', 'Ghế vip', 3, 55000),
(221, 'D1', 'Ghế vip', 3, 55000),
(222, 'D2', 'Ghế vip', 3, 55000),
(223, 'D3', 'Ghế vip', 3, 55000),
(224, 'D4', 'Ghế vip', 3, 55000),
(225, 'D5', 'Ghế vip', 3, 55000),
(226, 'D6', 'Ghế vip', 3, 55000),
(227, 'D7', 'Ghế vip', 3, 55000),
(228, 'D8', 'Ghế vip', 3, 55000),
(229, 'D9', 'Ghế vip', 3, 55000),
(230, 'D10', 'Ghế vip', 3, 55000),
(231, 'E1', 'Ghế vip', 3, 55000),
(232, 'E2', 'Ghế vip', 3, 55000),
(233, 'E3', 'Ghế vip', 3, 55000),
(234, 'E4', 'Ghế vip', 3, 55000),
(235, 'E5', 'Ghế vip', 3, 55000),
(236, 'E6', 'Ghế vip', 3, 55000),
(237, 'E7', 'Ghế vip', 3, 55000),
(238, 'E8', 'Ghế vip', 3, 55000),
(239, 'E9', 'Ghế vip', 3, 55000),
(240, 'E10', 'Ghế vip', 3, 55000),
(241, 'F1', 'Ghế vip', 3, 55000),
(242, 'F2', 'Ghế vip', 3, 55000),
(243, 'F3', 'Ghế vip', 3, 55000),
(244, 'F4', 'Ghế vip', 3, 55000),
(245, 'F5', 'Ghế vip', 3, 55000),
(246, 'F6', 'Ghế vip', 3, 55000),
(247, 'F7', 'Ghế vip', 3, 55000),
(248, 'F8', 'Ghế vip', 3, 55000),
(249, 'F9', 'Ghế vip', 3, 55000),
(250, 'F10', 'Ghế vip', 3, 55000),
(251, 'G1', 'Ghế vip', 3, 55000),
(252, 'G2', 'Ghế vip', 3, 55000),
(253, 'G3', 'Ghế vip', 3, 55000),
(254, 'G4', 'Ghế vip', 3, 55000),
(255, 'G5', 'Ghế vip', 3, 55000),
(256, 'G6', 'Ghế vip', 3, 55000),
(257, 'G7', 'Ghế vip', 3, 55000),
(258, 'G8', 'Ghế vip', 3, 55000),
(259, 'G9', 'Ghế vip', 3, 55000),
(260, 'G10', 'Ghế vip', 3, 55000),
(261, 'H1', 'Ghế vip', 3, 55000),
(262, 'H2', 'Ghế vip', 3, 55000),
(263, 'H3', 'Ghế vip', 3, 55000),
(264, 'H4', 'Ghế vip', 3, 55000),
(265, 'H5', 'Ghế vip', 3, 55000),
(266, 'H6', 'Ghế vip', 3, 55000),
(267, 'H7', 'Ghế vip', 3, 55000),
(268, 'H8', 'Ghế vip', 3, 55000),
(269, 'H9', 'Ghế vip', 3, 55000),
(270, 'H10', 'Ghế vip', 3, 55000),
(271, 'I1', 'Ghế vip', 3, 55000),
(272, 'I2', 'Ghế vip', 3, 55000),
(273, 'I3', 'Ghế vip', 3, 55000),
(274, 'I4', 'Ghế vip', 3, 55000),
(275, 'I5', 'Ghế vip', 3, 55000),
(276, 'I6', 'Ghế vip', 3, 55000),
(277, 'I7', 'Ghế vip', 3, 55000),
(278, 'I8', 'Ghế vip', 3, 55000),
(279, 'I9', 'Ghế vip', 3, 55000),
(280, 'I10', 'Ghế vip', 3, 55000),
(281, 'K1', 'Ghế đôi', 3, 110000),
(282, 'K2', 'Ghế đôi', 3, 110000),
(283, 'K3', 'Ghế đôi', 3, 110000),
(284, 'K4', 'Ghế đôi', 3, 110000),
(285, 'K5', 'Ghế đôi', 3, 110000),
(286, 'A1', 'Ghế thường', 4, 50000),
(287, 'A2', 'Ghế thường', 4, 50000),
(288, 'A3', 'Ghế thường', 4, 50000),
(289, 'A4', 'Ghế thường', 4, 50000),
(290, 'A5', 'Ghế thường', 4, 50000),
(291, 'A6', 'Ghế thường', 4, 50000),
(292, 'A7', 'Ghế thường', 4, 50000),
(293, 'A8', 'Ghế thường', 4, 50000),
(294, 'A9', 'Ghế thường', 4, 50000),
(295, 'A10', 'Ghế thường', 4, 50000),
(296, 'B1', 'Ghế thường', 4, 50000),
(297, 'B2', 'Ghế thường', 4, 50000),
(298, 'B3', 'Ghế thường', 4, 50000),
(299, 'B4', 'Ghế thường', 4, 50000),
(300, 'B5', 'Ghế thường', 4, 50000),
(301, 'B6', 'Ghế thường', 4, 50000),
(302, 'B7', 'Ghế thường', 4, 50000),
(303, 'B8', 'Ghế thường', 4, 50000),
(304, 'B9', 'Ghế thường', 4, 50000),
(305, 'B10', 'Ghế thường', 4, 50000),
(306, 'C1', 'Ghế vip', 4, 55000),
(307, 'C2', 'Ghế vip', 4, 55000),
(308, 'C3', 'Ghế vip', 4, 55000),
(309, 'C4', 'Ghế vip', 4, 55000),
(310, 'C5', 'Ghế vip', 4, 55000),
(311, 'C6', 'Ghế vip', 4, 55000),
(312, 'C7', 'Ghế vip', 4, 55000),
(313, 'C8', 'Ghế vip', 4, 55000),
(314, 'C9', 'Ghế vip', 4, 55000),
(315, 'C10', 'Ghế vip', 4, 55000),
(316, 'D1', 'Ghế vip', 4, 55000),
(317, 'D2', 'Ghế vip', 4, 55000),
(318, 'D3', 'Ghế vip', 4, 55000),
(319, 'D4', 'Ghế vip', 4, 55000),
(320, 'D5', 'Ghế vip', 4, 55000),
(321, 'D6', 'Ghế vip', 4, 55000),
(322, 'D7', 'Ghế vip', 4, 55000),
(323, 'D8', 'Ghế vip', 4, 55000),
(324, 'D9', 'Ghế vip', 4, 55000),
(325, 'D10', 'Ghế vip', 4, 55000),
(326, 'E1', 'Ghế vip', 4, 55000),
(327, 'E2', 'Ghế vip', 4, 55000),
(328, 'E3', 'Ghế vip', 4, 55000),
(329, 'E4', 'Ghế vip', 4, 55000),
(330, 'E5', 'Ghế vip', 4, 55000),
(331, 'E6', 'Ghế vip', 4, 55000),
(332, 'E7', 'Ghế vip', 4, 55000),
(333, 'E8', 'Ghế vip', 4, 55000),
(334, 'E9', 'Ghế vip', 4, 55000),
(335, 'E10', 'Ghế vip', 4, 55000),
(336, 'F1', 'Ghế vip', 4, 55000),
(337, 'F2', 'Ghế vip', 4, 55000),
(338, 'F3', 'Ghế vip', 4, 55000),
(339, 'F4', 'Ghế vip', 4, 55000),
(340, 'F5', 'Ghế vip', 4, 55000),
(341, 'F6', 'Ghế vip', 4, 55000),
(342, 'F7', 'Ghế vip', 4, 55000),
(343, 'F8', 'Ghế vip', 4, 55000),
(344, 'F9', 'Ghế vip', 4, 55000),
(345, 'F10', 'Ghế vip', 4, 55000),
(346, 'G1', 'Ghế vip', 4, 55000),
(347, 'G2', 'Ghế vip', 4, 55000),
(348, 'G3', 'Ghế vip', 4, 55000),
(349, 'G4', 'Ghế vip', 4, 55000),
(350, 'G5', 'Ghế vip', 4, 55000),
(351, 'G6', 'Ghế vip', 4, 55000),
(352, 'G7', 'Ghế vip', 4, 55000),
(353, 'G8', 'Ghế vip', 4, 55000),
(354, 'G9', 'Ghế vip', 4, 55000),
(355, 'G10', 'Ghế vip', 4, 55000),
(356, 'H1', 'Ghế vip', 4, 55000),
(357, 'H2', 'Ghế vip', 4, 55000),
(358, 'H3', 'Ghế vip', 4, 55000),
(359, 'H4', 'Ghế vip', 4, 55000),
(360, 'H5', 'Ghế vip', 4, 55000),
(361, 'H6', 'Ghế vip', 4, 55000),
(362, 'H7', 'Ghế vip', 4, 55000),
(363, 'H8', 'Ghế vip', 4, 55000),
(364, 'H9', 'Ghế vip', 4, 55000),
(365, 'H10', 'Ghế vip', 4, 55000),
(366, 'I1', 'Ghế vip', 4, 55000),
(367, 'I2', 'Ghế vip', 4, 55000),
(368, 'I3', 'Ghế vip', 4, 55000),
(369, 'I4', 'Ghế vip', 4, 55000),
(370, 'I5', 'Ghế vip', 4, 55000),
(371, 'I6', 'Ghế vip', 4, 55000),
(372, 'I7', 'Ghế vip', 4, 55000),
(373, 'I8', 'Ghế vip', 4, 55000),
(374, 'I9', 'Ghế vip', 4, 55000),
(375, 'I10', 'Ghế vip', 4, 55000),
(376, 'K1', 'Ghế đôi', 4, 110000),
(377, 'K2', 'Ghế đôi', 4, 110000),
(378, 'K3', 'Ghế đôi', 4, 110000),
(379, 'K4', 'Ghế đôi', 4, 110000),
(380, 'K5', 'Ghế đôi', 4, 110000),
(381, 'A1', 'Ghế thường', 5, 50000),
(382, 'A2', 'Ghế thường', 5, 50000),
(383, 'A3', 'Ghế thường', 5, 50000),
(384, 'A4', 'Ghế thường', 5, 50000),
(385, 'A5', 'Ghế thường', 5, 50000),
(386, 'A6', 'Ghế thường', 5, 50000),
(387, 'A7', 'Ghế thường', 5, 50000),
(388, 'A8', 'Ghế thường', 5, 50000),
(389, 'A9', 'Ghế thường', 5, 50000),
(390, 'A10', 'Ghế thường', 5, 50000),
(391, 'B1', 'Ghế thường', 5, 50000),
(392, 'B2', 'Ghế thường', 5, 50000),
(393, 'B3', 'Ghế thường', 5, 50000),
(394, 'B4', 'Ghế thường', 5, 50000),
(395, 'B5', 'Ghế thường', 5, 50000),
(396, 'B6', 'Ghế thường', 5, 50000),
(397, 'B7', 'Ghế thường', 5, 50000),
(398, 'B8', 'Ghế thường', 5, 50000),
(399, 'B9', 'Ghế thường', 5, 50000),
(400, 'B10', 'Ghế thường', 5, 50000),
(401, 'C1', 'Ghế vip', 5, 55000),
(402, 'C2', 'Ghế vip', 5, 55000),
(403, 'C3', 'Ghế vip', 5, 55000),
(404, 'C4', 'Ghế vip', 5, 55000),
(405, 'C5', 'Ghế vip', 5, 55000),
(406, 'C6', 'Ghế vip', 5, 55000),
(407, 'C7', 'Ghế vip', 5, 55000),
(408, 'C8', 'Ghế vip', 5, 55000),
(409, 'C9', 'Ghế vip', 5, 55000),
(410, 'C10', 'Ghế vip', 5, 55000),
(411, 'D1', 'Ghế vip', 5, 55000),
(412, 'D2', 'Ghế vip', 5, 55000),
(413, 'D3', 'Ghế vip', 5, 55000),
(414, 'D4', 'Ghế vip', 5, 55000),
(415, 'D5', 'Ghế vip', 5, 55000),
(416, 'D6', 'Ghế vip', 5, 55000),
(417, 'D7', 'Ghế vip', 5, 55000),
(418, 'D8', 'Ghế vip', 5, 55000),
(419, 'D9', 'Ghế vip', 5, 55000),
(420, 'D10', 'Ghế vip', 5, 55000),
(421, 'E1', 'Ghế vip', 5, 55000),
(422, 'E2', 'Ghế vip', 5, 55000),
(423, 'E3', 'Ghế vip', 5, 55000),
(424, 'E4', 'Ghế vip', 5, 55000),
(425, 'E5', 'Ghế vip', 5, 55000),
(426, 'E6', 'Ghế vip', 5, 55000),
(427, 'E7', 'Ghế vip', 5, 55000),
(428, 'E8', 'Ghế vip', 5, 55000),
(429, 'E9', 'Ghế vip', 5, 55000),
(430, 'E10', 'Ghế vip', 5, 55000),
(431, 'F1', 'Ghế vip', 5, 55000),
(432, 'F2', 'Ghế vip', 5, 55000),
(433, 'F3', 'Ghế vip', 5, 55000),
(434, 'F4', 'Ghế vip', 5, 55000),
(435, 'F5', 'Ghế vip', 5, 55000),
(436, 'F6', 'Ghế vip', 5, 55000),
(437, 'F7', 'Ghế vip', 5, 55000),
(438, 'F8', 'Ghế vip', 5, 55000),
(439, 'F9', 'Ghế vip', 5, 55000),
(440, 'F10', 'Ghế vip', 5, 55000),
(441, 'G1', 'Ghế vip', 5, 55000),
(442, 'G2', 'Ghế vip', 5, 55000),
(443, 'G3', 'Ghế vip', 5, 55000),
(444, 'G4', 'Ghế vip', 5, 55000),
(445, 'G5', 'Ghế vip', 5, 55000),
(446, 'G6', 'Ghế vip', 5, 55000),
(447, 'G7', 'Ghế vip', 5, 55000),
(448, 'G8', 'Ghế vip', 5, 55000),
(449, 'G9', 'Ghế vip', 5, 55000),
(450, 'G10', 'Ghế vip', 5, 55000),
(451, 'H1', 'Ghế vip', 5, 55000),
(452, 'H2', 'Ghế vip', 5, 55000),
(453, 'H3', 'Ghế vip', 5, 55000),
(454, 'H4', 'Ghế vip', 5, 55000),
(455, 'H5', 'Ghế vip', 5, 55000),
(456, 'H6', 'Ghế vip', 5, 55000),
(457, 'H7', 'Ghế vip', 5, 55000),
(458, 'H8', 'Ghế vip', 5, 55000),
(459, 'H9', 'Ghế vip', 5, 55000),
(460, 'H10', 'Ghế vip', 5, 55000),
(461, 'I1', 'Ghế vip', 5, 55000),
(462, 'I2', 'Ghế vip', 5, 55000),
(463, 'I3', 'Ghế vip', 5, 55000),
(464, 'I4', 'Ghế vip', 5, 55000),
(465, 'I5', 'Ghế vip', 5, 55000),
(466, 'I6', 'Ghế vip', 5, 55000),
(467, 'I7', 'Ghế vip', 5, 55000),
(468, 'I8', 'Ghế vip', 5, 55000),
(469, 'I9', 'Ghế vip', 5, 55000),
(470, 'I10', 'Ghế vip', 5, 55000),
(471, 'K1', 'Ghế đôi', 5, 110000),
(472, 'K2', 'Ghế đôi', 5, 110000),
(473, 'K3', 'Ghế đôi', 5, 110000),
(474, 'K4', 'Ghế đôi', 5, 110000),
(475, 'K5', 'Ghế đôi', 5, 110000);

-- --------------------------------------------------------

--
-- Table structure for table `lich_chieus`
--

CREATE TABLE `lich_chieus` (
  `Ma_lich_chieu` int(11) NOT NULL,
  `Ma_phim` int(10) NOT NULL,
  `Ma_phong` int(11) NOT NULL,
  `Ngay_chieu` date NOT NULL,
  `Gio_chieu` time NOT NULL,
  `updated_at` datetime DEFAULT NULL,
  `created_at` datetime DEFAULT NULL,
  `Trang_thai` bit(1) DEFAULT b'1'
) ENGINE=InnoDB DEFAULT CHARSET=utf8 COLLATE=utf8_unicode_ci;

--
-- Dumping data for table `lich_chieus`
--

INSERT INTO `lich_chieus` (`Ma_lich_chieu`, `Ma_phim`, `Ma_phong`, `Ngay_chieu`, `Gio_chieu`, `updated_at`, `created_at`, `Trang_thai`) VALUES
(8, 10, 2, '2023-09-28', '10:00:00', '2023-09-30 08:02:49', '2023-09-27 12:56:54', b'0'),
(9, 10, 1, '2023-09-27', '22:00:00', '2023-09-30 08:02:49', '2023-09-27 12:57:23', b'0'),
(10, 12, 5, '2023-10-04', '23:00:00', '2023-10-19 08:25:48', '2023-09-30 08:58:49', b'0'),
(11, 12, 3, '2023-10-08', '15:00:00', '2023-10-19 08:25:48', '2023-10-02 06:10:02', b'0'),
(12, 12, 3, '2023-10-08', '08:00:00', '2023-10-19 08:25:48', '2023-10-02 06:35:32', b'0'),
(13, 12, 1, '2023-10-06', '18:00:00', '2023-10-19 08:25:48', '2023-10-02 07:12:36', b'0'),
(14, 12, 2, '2023-10-06', '20:00:00', '2023-10-19 08:25:48', '2023-10-02 07:12:59', b'0'),
(15, 12, 1, '2023-10-06', '22:10:00', '2023-10-19 08:25:48', '2023-10-02 07:13:25', b'0'),
(16, 12, 4, '2023-10-12', '18:20:00', '2023-10-19 08:25:48', '2023-10-03 08:44:55', b'0'),
(17, 8, 2, '2023-10-24', '15:30:00', '2023-10-26 08:00:15', '2023-10-19 08:29:31', b'0'),
(18, 15, 2, '2023-10-31', '10:00:00', '2023-10-26 08:07:25', '2023-10-26 08:01:01', b'0'),
(19, 15, 2, '2023-10-31', '00:00:00', '2023-11-02 06:52:35', '2023-10-26 08:01:29', b'0'),
(20, 17, 3, '2023-10-31', '19:00:00', '2023-11-02 06:52:35', '2023-10-26 08:02:20', b'0'),
(21, 8, 5, '2023-10-30', '19:00:00', '2023-11-02 06:52:35', '2023-10-26 08:20:06', b'0'),
(22, 8, 5, '2023-11-01', '17:25:00', '2023-11-02 06:52:35', '2023-10-26 08:25:48', b'0'),
(26, 8, 5, '2023-10-31', '23:00:00', '2023-11-02 06:52:35', '2023-10-27 16:07:45', b'0'),
(27, 8, 3, '2023-11-02', '23:50:00', '2023-11-06 06:06:50', '2023-11-02 06:55:58', b'0'),
(28, 17, 5, '2023-11-07', '02:11:00', '2023-11-06 06:13:51', '2023-11-06 06:11:33', b'0'),
(29, 17, 3, '2023-11-07', '02:11:00', '2023-11-10 07:11:36', '2023-11-06 06:13:43', b'0'),
(30, 8, 5, '2023-11-07', '17:30:00', '2023-11-10 07:11:36', '2023-11-06 08:26:52', b'0'),
(31, 12, 5, '2023-11-11', '16:19:00', '2023-11-13 14:54:34', '2023-11-10 07:19:19', b'0'),
(32, 29, 1, '2023-11-16', '09:00:00', '2023-11-13 15:32:54', '2023-11-13 15:32:54', b'1'),
(33, 29, 1, '2023-11-16', '14:00:00', '2023-11-14 15:14:17', '2023-11-13 15:33:46', b'0'),
(34, 29, 2, '2023-11-16', '22:00:00', '2023-11-13 15:34:35', '2023-11-13 15:34:35', b'1'),
(35, 29, 3, '2023-11-16', '09:00:00', '2023-11-14 13:29:39', '2023-11-13 15:35:21', b'0'),
(36, 29, 3, '2023-11-17', '08:00:00', '2023-11-14 13:43:23', '2023-11-14 13:43:23', b'1'),
(37, 29, 5, '2023-11-17', '10:00:00', '2023-11-14 13:44:12', '2023-11-14 13:44:12', b'1'),
(38, 29, 1, '2023-11-17', '13:30:00', '2023-11-14 13:44:57', '2023-11-14 13:44:57', b'1'),
(39, 29, 2, '2023-11-17', '20:00:00', '2023-11-14 13:51:11', '2023-11-14 13:51:11', b'1'),
(40, 29, 1, '2023-11-17', '23:00:00', '2023-11-14 13:51:39', '2023-11-14 13:51:39', b'1'),
(41, 29, 4, '2023-11-18', '09:30:00', '2023-11-14 14:27:02', '2023-11-14 14:27:02', b'1'),
(42, 29, 3, '2023-11-18', '12:00:00', '2023-11-14 14:28:47', '2023-11-14 14:28:47', b'1'),
(43, 29, 2, '2023-11-19', '19:30:00', '2023-11-14 14:29:30', '2023-11-14 14:29:30', b'1'),
(44, 20, 1, '2023-11-16', '17:00:00', '2023-11-14 14:33:11', '2023-11-14 14:33:11', b'1'),
(45, 20, 3, '2023-11-16', '23:00:00', '2023-11-14 14:34:33', '2023-11-14 14:34:33', b'1'),
(46, 20, 3, '2023-11-17', '09:00:00', '2023-11-14 14:37:04', '2023-11-14 14:37:04', b'1'),
(47, 20, 5, '2023-11-17', '14:29:00', '2023-11-14 14:37:28', '2023-11-14 14:37:28', b'1'),
(48, 20, 1, '2023-11-17', '18:40:00', '2023-11-14 14:37:54', '2023-11-14 14:37:54', b'1'),
(49, 22, 1, '2023-11-17', '16:40:00', '2023-11-14 14:40:47', '2023-11-14 14:40:47', b'1'),
(50, 22, 5, '2023-11-17', '23:20:00', '2023-11-14 14:41:12', '2023-11-14 14:41:12', b'1'),
(51, 22, 1, '2023-11-17', '08:30:00', '2023-11-14 14:42:10', '2023-11-14 14:42:10', b'1'),
(52, 22, 2, '2023-11-18', '10:00:00', '2023-11-14 14:42:43', '2023-11-14 14:42:43', b'1'),
(53, 22, 5, '2023-11-18', '22:00:00', '2023-11-14 14:43:01', '2023-11-14 14:43:01', b'1'),
(54, 29, 5, '2023-11-16', '23:30:00', '2023-11-14 15:13:35', '2023-11-14 15:13:35', b'1');

-- --------------------------------------------------------

--
-- Table structure for table `phongs`
--

CREATE TABLE `phongs` (
  `Ma_phong` int(11) NOT NULL,
  `Ten_phong` varchar(50) NOT NULL
) ENGINE=InnoDB DEFAULT CHARSET=utf8 COLLATE=utf8_unicode_ci;

--
-- Dumping data for table `phongs`
--

INSERT INTO `phongs` (`Ma_phong`, `Ten_phong`) VALUES
(1, 'Phòng 1'),
(2, 'Phòng 2'),
(3, 'Phòng 3'),
(4, 'Phòng 4'),
(5, 'Phòng 5');

-- --------------------------------------------------------

--
-- Table structure for table `sliders`
--

CREATE TABLE `sliders` (
  `id` int(11) NOT NULL,
  `Image` varchar(191) NOT NULL,
  `created_at` timestamp NULL DEFAULT NULL,
  `updated_at` timestamp NULL DEFAULT NULL
) ENGINE=InnoDB DEFAULT CHARSET=utf8mb4 COLLATE=utf8mb4_unicode_ci;

--
-- Dumping data for table `sliders`
--

INSERT INTO `sliders` (`id`, `Image`, `created_at`, `updated_at`) VALUES
(5, 'https://files.betacorp.vn/files/ecm/2023/11/08/untitled-1-090740-081123-92.jpg', '2023-11-13 08:26:05', '2023-11-13 08:26:05'),
(6, 'https://files.betacorp.vn/files/ecm/2023/11/13/don-doi-marvel-uu-dai-khong-lo-1702-x-621-154700-131123-59.png', '2023-11-13 08:26:48', '2023-11-13 08:26:48'),
(7, 'https://files.betacorp.vn/files/ecm/2023/11/06/tb-clear-diem-1702-x-621-114946-061123-68.png', '2023-11-13 08:27:02', '2023-11-13 08:27:02'),
(8, 'https://files.betacorp.vn/files/ecm/2023/09/26/vnpaybeta-1702-x-621-145207-260923-41.png', '2023-11-13 08:28:10', '2023-11-13 08:28:10');

-- --------------------------------------------------------

--
-- Table structure for table `users`
--

CREATE TABLE `users` (
  `id` int(10) NOT NULL,
  `name` varchar(191) NOT NULL,
  `email` varchar(191) NOT NULL,
  `password` varchar(191) NOT NULL,
  `created_at` timestamp NULL DEFAULT NULL,
  `updated_at` timestamp NULL DEFAULT NULL,
  `Ngay_sinh` date DEFAULT NULL,
  `Gioi_tinh` bit(1) DEFAULT NULL,
  `So_dien_thoai` varchar(20) DEFAULT NULL
) ENGINE=InnoDB DEFAULT CHARSET=utf8mb4 COLLATE=utf8mb4_unicode_ci;

--
-- Dumping data for table `users`
--

INSERT INTO `users` (`id`, `name`, `email`, `password`, `created_at`, `updated_at`, `Ngay_sinh`, `Gioi_tinh`, `So_dien_thoai`) VALUES
(0, '0', '0', '0', '0000-00-00 00:00:00', '0000-00-00 00:00:00', '0000-00-00', b'0', '0'),
(1, 'Pham Quan', 'quanpham2112004@gmail.com', '$2y$10$L3sJwI3PwusapX6XhDKe..CNUNecLMxKuFQwgS1owhnklP/yQEBYe', '2023-10-02 02:11:50', '2023-10-02 02:11:50', '2004-11-02', b'1', '0368407458'),
(2, 'Quan', 'Phamquan2112004@gmail.com', '$2y$10$rAJHoRYolNaunrfi2umxBuAWYnmE.4juVmikWoLfBfdtL4fdpoKXC', '2023-10-02 02:13:36', '2023-10-02 02:13:36', '2004-11-02', b'0', '0368407458'),
(3, 'Khanh', 'khanhga@gmail.com', '$2y$10$NAYcXL9d4qYPz3mqpVfFWulrE1UcQFjgvUuB0Taq./hBIq8xsM83W', '2023-10-02 02:14:36', '2023-10-02 02:14:36', '2004-11-26', b'1', '0368407458'),
(4, 'khanh', 'Khanhgaa@gmail.com', '$2y$10$2UFhcmuGBXI7MC9tqopWfOnGMDIlHmHLBNPZ3AUFve.zFrOjzPXwe', '2023-10-02 02:15:43', '2023-10-02 02:15:43', '2023-10-17', b'0', '0368407458'),
(5, 'Nguyễn Quang Cường', 'Cuongnguyen@gmail.com', '$2y$10$ZuKzp06LE2FvfJXH4ykMruZWoqESqyqBwhWSY43xOLAEpxW9IDpDu', '2023-10-25 23:59:11', '2023-10-25 23:59:11', '2004-02-06', b'0', '0986532645'),
(6, 'Trần Trung Hiếu', 'hieuyb1223@gmail.com', '$2y$10$7LBUM.Xf53QNM2hDlKAG3OUo8q4blpxJB35mgHmWorErJ/tFLaTja', '2023-10-26 01:03:38', '2023-10-26 01:03:38', '2004-06-20', b'0', '0384164200'),
(7, 'Đoàn Trung Hiếu', 'Doanhieu@gmail.com', '$2y$10$E6FWqBvKsdqLJmO9y2Pj.uD5T9rFfsVT1vAwLbzzyjRMYfLgOTpO6', '2023-10-26 01:04:31', '2023-10-26 01:04:31', '2004-10-11', b'0', '0356984762'),
(8, 'Nguyễn Đăng Doanh', 'Doanhnguyen@gmail.com', '$2y$10$CDbJvM7.VFvsaTdw97O0C.QPT.8ajia7lSiRyJhBwuVLM8fg9J2Te', '2023-10-26 01:18:19', '2023-10-26 01:18:19', '2004-11-13', b'0', '0913144019'),
(9, 'Đạt', 'datnguyen@gmail.com', '$2y$10$JkIYdXtKfYuIbT5r3MfnVOEVE22DDleFXIejLzJ5KmWMa0c3/dP1.', '2023-11-02 00:24:58', '2023-11-02 00:24:58', '2006-11-14', b'0', '0965423456'),
(10, 'Trần Minh Tuấn', 'tranminhtuan@gmail.com', '$2y$10$6nfSuJQq6ekzkm5KeAxLy.KNOMwInFNlwv01lvY05ckpHEyd50sIq', '2023-11-06 01:14:01', '2023-11-06 01:14:01', '2004-01-20', b'0', '0986231456'),
(11, 'bla bla', 'bla@gmail.com', '$2y$10$Y9ZPHmDmN3KD/8dt1O71xudGMeJeQpJMCEYdLwf9thPA/5qzIN9Ni', '2023-11-10 00:17:30', '2023-11-10 00:17:30', '2023-11-07', b'0', '26526526');

-- --------------------------------------------------------

--
-- Table structure for table `ves`
--

CREATE TABLE `ves` (
  `Ma_ghe` int(11) NOT NULL,
  `Ma_lich_chieu` int(11) NOT NULL,
  `updated_at` datetime DEFAULT NULL,
  `created_at` datetime DEFAULT NULL,
  `Ma_khach_hang` int(10) NOT NULL,
  `Trang_thai` tinyint(4) DEFAULT NULL
) ENGINE=InnoDB DEFAULT CHARSET=utf8mb4 COLLATE=utf8mb4_general_ci;

--
-- Dumping data for table `ves`
--

INSERT INTO `ves` (`Ma_ghe`, `Ma_lich_chieu`, `updated_at`, `created_at`, `Ma_khach_hang`, `Trang_thai`) VALUES
(1, 32, '2023-11-13 15:32:54', '2023-11-13 15:32:54', 0, NULL),
(1, 33, '2023-11-13 15:33:46', '2023-11-13 15:33:46', 0, NULL),
(1, 38, '2023-11-14 13:44:57', '2023-11-14 13:44:57', 0, NULL),
(1, 40, '2023-11-14 13:51:39', '2023-11-14 13:51:39', 0, NULL),
(1, 44, '2023-11-14 14:33:11', '2023-11-14 14:33:11', 0, NULL),
(1, 48, '2023-11-14 14:37:54', '2023-11-14 14:37:54', 0, NULL),
(1, 49, '2023-11-14 14:40:47', '2023-11-14 14:40:47', 0, NULL),
(1, 51, '2023-11-14 14:42:10', '2023-11-14 14:42:10', 0, NULL),
(2, 32, '2023-11-13 15:32:54', '2023-11-13 15:32:54', 0, NULL),
(2, 33, '2023-11-13 15:33:46', '2023-11-13 15:33:46', 0, NULL),
(2, 38, '2023-11-14 13:44:57', '2023-11-14 13:44:57', 0, NULL),
(2, 40, '2023-11-14 13:51:39', '2023-11-14 13:51:39', 0, NULL),
(2, 44, '2023-11-14 14:33:11', '2023-11-14 14:33:11', 0, NULL),
(2, 48, '2023-11-14 14:37:54', '2023-11-14 14:37:54', 0, NULL),
(2, 49, '2023-11-14 14:40:47', '2023-11-14 14:40:47', 0, NULL),
(2, 51, '2023-11-14 14:42:10', '2023-11-14 14:42:10', 0, NULL),
(3, 32, '2023-11-13 15:32:54', '2023-11-13 15:32:54', 0, NULL),
(3, 33, '2023-11-13 15:33:46', '2023-11-13 15:33:46', 0, NULL),
(3, 38, '2023-11-14 13:44:57', '2023-11-14 13:44:57', 0, NULL),
(3, 40, '2023-11-14 13:51:39', '2023-11-14 13:51:39', 0, NULL),
(3, 44, '2023-11-14 14:33:11', '2023-11-14 14:33:11', 0, NULL),
(3, 48, '2023-11-14 14:37:54', '2023-11-14 14:37:54', 0, NULL),
(3, 49, '2023-11-14 14:40:47', '2023-11-14 14:40:47', 0, NULL),
(3, 51, '2023-11-14 14:42:10', '2023-11-14 14:42:10', 0, NULL),
(4, 32, '2023-11-13 15:32:54', '2023-11-13 15:32:54', 0, NULL),
(4, 33, '2023-11-13 15:33:46', '2023-11-13 15:33:46', 0, NULL),
(4, 38, '2023-11-14 13:44:57', '2023-11-14 13:44:57', 0, NULL),
(4, 40, '2023-11-14 13:51:39', '2023-11-14 13:51:39', 0, NULL),
(4, 44, '2023-11-14 14:33:11', '2023-11-14 14:33:11', 0, NULL),
(4, 48, '2023-11-14 14:37:54', '2023-11-14 14:37:54', 0, NULL),
(4, 49, '2023-11-14 14:40:47', '2023-11-14 14:40:47', 0, NULL),
(4, 51, '2023-11-14 14:42:10', '2023-11-14 14:42:10', 0, NULL),
(5, 32, '2023-11-13 15:32:54', '2023-11-13 15:32:54', 0, NULL),
(5, 33, '2023-11-13 15:33:46', '2023-11-13 15:33:46', 0, NULL),
(5, 38, '2023-11-14 13:44:57', '2023-11-14 13:44:57', 0, NULL),
(5, 40, '2023-11-14 13:51:39', '2023-11-14 13:51:39', 0, NULL),
(5, 44, '2023-11-14 14:33:11', '2023-11-14 14:33:11', 0, NULL),
(5, 48, '2023-11-14 14:37:54', '2023-11-14 14:37:54', 0, NULL),
(5, 49, '2023-11-14 14:40:47', '2023-11-14 14:40:47', 0, NULL),
(5, 51, '2023-11-14 14:42:10', '2023-11-14 14:42:10', 0, NULL),
(6, 32, '2023-11-13 15:32:54', '2023-11-13 15:32:54', 0, NULL),
(6, 33, '2023-11-13 15:33:46', '2023-11-13 15:33:46', 0, NULL),
(6, 38, '2023-11-14 13:44:57', '2023-11-14 13:44:57', 0, NULL),
(6, 40, '2023-11-14 13:51:39', '2023-11-14 13:51:39', 0, NULL),
(6, 44, '2023-11-14 14:33:11', '2023-11-14 14:33:11', 0, NULL),
(6, 48, '2023-11-14 14:37:54', '2023-11-14 14:37:54', 0, NULL),
(6, 49, '2023-11-14 14:40:47', '2023-11-14 14:40:47', 0, NULL),
(6, 51, '2023-11-14 14:42:10', '2023-11-14 14:42:10', 0, NULL),
(7, 32, '2023-11-13 15:32:54', '2023-11-13 15:32:54', 0, NULL),
(7, 33, '2023-11-13 15:33:46', '2023-11-13 15:33:46', 0, NULL),
(7, 38, '2023-11-14 13:44:57', '2023-11-14 13:44:57', 0, NULL),
(7, 40, '2023-11-14 13:51:39', '2023-11-14 13:51:39', 0, NULL),
(7, 44, '2023-11-14 14:33:11', '2023-11-14 14:33:11', 0, NULL),
(7, 48, '2023-11-14 14:37:54', '2023-11-14 14:37:54', 0, NULL),
(7, 49, '2023-11-14 14:40:47', '2023-11-14 14:40:47', 0, NULL),
(7, 51, '2023-11-14 14:42:10', '2023-11-14 14:42:10', 0, NULL),
(8, 32, '2023-11-13 15:32:54', '2023-11-13 15:32:54', 0, NULL),
(8, 33, '2023-11-13 15:33:46', '2023-11-13 15:33:46', 0, NULL),
(8, 38, '2023-11-14 13:44:57', '2023-11-14 13:44:57', 0, NULL),
(8, 40, '2023-11-14 13:51:39', '2023-11-14 13:51:39', 0, NULL),
(8, 44, '2023-11-14 14:33:11', '2023-11-14 14:33:11', 0, NULL),
(8, 48, '2023-11-14 14:37:54', '2023-11-14 14:37:54', 0, NULL),
(8, 49, '2023-11-14 14:40:47', '2023-11-14 14:40:47', 0, NULL),
(8, 51, '2023-11-14 14:42:10', '2023-11-14 14:42:10', 0, NULL),
(9, 32, '2023-11-13 15:32:54', '2023-11-13 15:32:54', 0, NULL),
(9, 33, '2023-11-13 15:33:46', '2023-11-13 15:33:46', 0, NULL),
(9, 38, '2023-11-14 13:44:57', '2023-11-14 13:44:57', 0, NULL),
(9, 40, '2023-11-14 13:51:39', '2023-11-14 13:51:39', 0, NULL),
(9, 44, '2023-11-14 14:33:11', '2023-11-14 14:33:11', 0, NULL),
(9, 48, '2023-11-14 14:37:54', '2023-11-14 14:37:54', 0, NULL),
(9, 49, '2023-11-14 14:40:47', '2023-11-14 14:40:47', 0, NULL),
(9, 51, '2023-11-14 14:42:10', '2023-11-14 14:42:10', 0, NULL),
(10, 32, '2023-11-13 15:32:54', '2023-11-13 15:32:54', 0, NULL),
(10, 33, '2023-11-13 15:33:46', '2023-11-13 15:33:46', 0, NULL),
(10, 38, '2023-11-14 13:44:57', '2023-11-14 13:44:57', 0, NULL),
(10, 40, '2023-11-14 13:51:39', '2023-11-14 13:51:39', 0, NULL),
(10, 44, '2023-11-14 14:33:11', '2023-11-14 14:33:11', 0, NULL),
(10, 48, '2023-11-14 14:37:54', '2023-11-14 14:37:54', 0, NULL),
(10, 49, '2023-11-14 14:40:47', '2023-11-14 14:40:47', 0, NULL),
(10, 51, '2023-11-14 14:42:10', '2023-11-14 14:42:10', 0, NULL),
(11, 32, '2023-11-13 15:32:54', '2023-11-13 15:32:54', 0, NULL),
(11, 33, '2023-11-13 15:33:46', '2023-11-13 15:33:46', 0, NULL),
(11, 38, '2023-11-14 13:44:57', '2023-11-14 13:44:57', 0, NULL),
(11, 40, '2023-11-14 13:51:39', '2023-11-14 13:51:39', 0, NULL),
(11, 44, '2023-11-14 14:33:11', '2023-11-14 14:33:11', 0, NULL),
(11, 48, '2023-11-14 14:37:54', '2023-11-14 14:37:54', 0, NULL),
(11, 49, '2023-11-14 14:40:47', '2023-11-14 14:40:47', 0, NULL),
(11, 51, '2023-11-14 14:42:10', '2023-11-14 14:42:10', 0, NULL),
(12, 32, '2023-11-13 15:32:54', '2023-11-13 15:32:54', 0, NULL),
(12, 33, '2023-11-13 15:33:46', '2023-11-13 15:33:46', 0, NULL),
(12, 38, '2023-11-14 13:44:57', '2023-11-14 13:44:57', 0, NULL),
(12, 40, '2023-11-14 13:51:39', '2023-11-14 13:51:39', 0, NULL),
(12, 44, '2023-11-14 14:33:11', '2023-11-14 14:33:11', 0, NULL),
(12, 48, '2023-11-14 14:37:54', '2023-11-14 14:37:54', 0, NULL),
(12, 49, '2023-11-14 14:40:47', '2023-11-14 14:40:47', 0, NULL),
(12, 51, '2023-11-14 14:42:10', '2023-11-14 14:42:10', 0, NULL),
(13, 32, '2023-11-13 15:32:54', '2023-11-13 15:32:54', 0, NULL),
(13, 33, '2023-11-13 15:33:46', '2023-11-13 15:33:46', 0, NULL),
(13, 38, '2023-11-14 13:44:57', '2023-11-14 13:44:57', 0, NULL),
(13, 40, '2023-11-14 13:51:39', '2023-11-14 13:51:39', 0, NULL),
(13, 44, '2023-11-14 14:33:11', '2023-11-14 14:33:11', 0, NULL),
(13, 48, '2023-11-14 14:37:54', '2023-11-14 14:37:54', 0, NULL),
(13, 49, '2023-11-14 14:40:47', '2023-11-14 14:40:47', 0, NULL),
(13, 51, '2023-11-14 14:42:10', '2023-11-14 14:42:10', 0, NULL),
(14, 32, '2023-11-13 15:32:54', '2023-11-13 15:32:54', 0, NULL),
(14, 33, '2023-11-13 15:33:46', '2023-11-13 15:33:46', 0, NULL),
(14, 38, '2023-11-14 13:44:57', '2023-11-14 13:44:57', 0, NULL),
(14, 40, '2023-11-14 13:51:39', '2023-11-14 13:51:39', 0, NULL),
(14, 44, '2023-11-14 14:33:11', '2023-11-14 14:33:11', 0, NULL),
(14, 48, '2023-11-14 14:37:54', '2023-11-14 14:37:54', 0, NULL),
(14, 49, '2023-11-14 14:40:47', '2023-11-14 14:40:47', 0, NULL),
(14, 51, '2023-11-14 14:42:10', '2023-11-14 14:42:10', 0, NULL),
(15, 32, '2023-11-13 15:32:54', '2023-11-13 15:32:54', 0, NULL),
(15, 33, '2023-11-13 15:33:46', '2023-11-13 15:33:46', 0, NULL),
(15, 38, '2023-11-14 13:44:57', '2023-11-14 13:44:57', 0, NULL),
(15, 40, '2023-11-14 13:51:39', '2023-11-14 13:51:39', 0, NULL),
(15, 44, '2023-11-14 14:33:11', '2023-11-14 14:33:11', 0, NULL),
(15, 48, '2023-11-14 14:37:54', '2023-11-14 14:37:54', 0, NULL),
(15, 49, '2023-11-14 14:40:47', '2023-11-14 14:40:47', 0, NULL),
(15, 51, '2023-11-14 14:42:10', '2023-11-14 14:42:10', 0, NULL),
(16, 32, '2023-11-13 15:32:54', '2023-11-13 15:32:54', 0, NULL),
(16, 33, '2023-11-13 15:33:46', '2023-11-13 15:33:46', 0, NULL),
(16, 38, '2023-11-14 13:44:57', '2023-11-14 13:44:57', 0, NULL),
(16, 40, '2023-11-14 13:51:39', '2023-11-14 13:51:39', 0, NULL),
(16, 44, '2023-11-14 14:33:11', '2023-11-14 14:33:11', 0, NULL),
(16, 48, '2023-11-14 14:37:54', '2023-11-14 14:37:54', 0, NULL),
(16, 49, '2023-11-14 14:40:47', '2023-11-14 14:40:47', 0, NULL),
(16, 51, '2023-11-14 14:42:10', '2023-11-14 14:42:10', 0, NULL),
(17, 32, '2023-11-13 15:32:54', '2023-11-13 15:32:54', 0, NULL),
(17, 33, '2023-11-13 15:33:46', '2023-11-13 15:33:46', 0, NULL),
(17, 38, '2023-11-14 13:44:57', '2023-11-14 13:44:57', 0, NULL),
(17, 40, '2023-11-14 13:51:39', '2023-11-14 13:51:39', 0, NULL),
(17, 44, '2023-11-14 14:33:11', '2023-11-14 14:33:11', 0, NULL),
(17, 48, '2023-11-14 14:37:54', '2023-11-14 14:37:54', 0, NULL),
(17, 49, '2023-11-14 14:40:47', '2023-11-14 14:40:47', 0, NULL),
(17, 51, '2023-11-14 14:42:10', '2023-11-14 14:42:10', 0, NULL),
(18, 32, '2023-11-13 15:32:54', '2023-11-13 15:32:54', 0, NULL),
(18, 33, '2023-11-13 15:33:46', '2023-11-13 15:33:46', 0, NULL),
(18, 38, '2023-11-14 13:44:57', '2023-11-14 13:44:57', 0, NULL),
(18, 40, '2023-11-14 13:51:39', '2023-11-14 13:51:39', 0, NULL),
(18, 44, '2023-11-14 14:33:11', '2023-11-14 14:33:11', 0, NULL),
(18, 48, '2023-11-14 14:37:54', '2023-11-14 14:37:54', 0, NULL),
(18, 49, '2023-11-14 14:40:47', '2023-11-14 14:40:47', 0, NULL),
(18, 51, '2023-11-14 14:42:10', '2023-11-14 14:42:10', 0, NULL),
(19, 32, '2023-11-13 15:32:54', '2023-11-13 15:32:54', 0, NULL),
(19, 33, '2023-11-13 15:33:46', '2023-11-13 15:33:46', 0, NULL),
(19, 38, '2023-11-14 13:44:57', '2023-11-14 13:44:57', 0, NULL),
(19, 40, '2023-11-14 13:51:39', '2023-11-14 13:51:39', 0, NULL),
(19, 44, '2023-11-14 14:33:11', '2023-11-14 14:33:11', 0, NULL),
(19, 48, '2023-11-14 14:37:54', '2023-11-14 14:37:54', 0, NULL),
(19, 49, '2023-11-14 14:40:47', '2023-11-14 14:40:47', 0, NULL),
(19, 51, '2023-11-14 14:42:10', '2023-11-14 14:42:10', 0, NULL),
(20, 32, '2023-11-13 15:32:54', '2023-11-13 15:32:54', 0, NULL),
(20, 33, '2023-11-13 15:33:46', '2023-11-13 15:33:46', 0, NULL),
(20, 38, '2023-11-14 13:44:57', '2023-11-14 13:44:57', 0, NULL),
(20, 40, '2023-11-14 13:51:39', '2023-11-14 13:51:39', 0, NULL),
(20, 44, '2023-11-14 14:33:11', '2023-11-14 14:33:11', 0, NULL),
(20, 48, '2023-11-14 14:37:54', '2023-11-14 14:37:54', 0, NULL),
(20, 49, '2023-11-14 14:40:47', '2023-11-14 14:40:47', 0, NULL),
(20, 51, '2023-11-14 14:42:10', '2023-11-14 14:42:10', 0, NULL),
(21, 32, '2023-11-13 15:32:54', '2023-11-13 15:32:54', 0, NULL),
(21, 33, '2023-11-13 15:33:47', '2023-11-13 15:33:47', 0, NULL),
(21, 38, '2023-11-14 13:44:57', '2023-11-14 13:44:57', 0, NULL),
(21, 40, '2023-11-14 13:51:39', '2023-11-14 13:51:39', 0, NULL),
(21, 44, '2023-11-14 14:33:11', '2023-11-14 14:33:11', 0, NULL),
(21, 48, '2023-11-14 14:37:54', '2023-11-14 14:37:54', 0, NULL),
(21, 49, '2023-11-14 14:40:47', '2023-11-14 14:40:47', 0, NULL),
(21, 51, '2023-11-14 14:42:10', '2023-11-14 14:42:10', 0, NULL),
(22, 32, '2023-11-13 15:32:54', '2023-11-13 15:32:54', 0, NULL),
(22, 33, '2023-11-13 15:33:47', '2023-11-13 15:33:47', 0, NULL),
(22, 38, '2023-11-14 13:44:57', '2023-11-14 13:44:57', 0, NULL),
(22, 40, '2023-11-14 13:51:39', '2023-11-14 13:51:39', 0, NULL),
(22, 44, '2023-11-14 14:33:11', '2023-11-14 14:33:11', 0, NULL),
(22, 48, '2023-11-14 14:37:54', '2023-11-14 14:37:54', 0, NULL),
(22, 49, '2023-11-14 14:40:47', '2023-11-14 14:40:47', 0, NULL),
(22, 51, '2023-11-14 14:42:10', '2023-11-14 14:42:10', 0, NULL),
(23, 32, '2023-11-13 15:32:54', '2023-11-13 15:32:54', 0, NULL),
(23, 33, '2023-11-13 15:33:47', '2023-11-13 15:33:47', 0, NULL),
(23, 38, '2023-11-14 13:44:57', '2023-11-14 13:44:57', 0, NULL),
(23, 40, '2023-11-14 13:51:39', '2023-11-14 13:51:39', 0, NULL),
(23, 44, '2023-11-14 14:33:11', '2023-11-14 14:33:11', 0, NULL),
(23, 48, '2023-11-14 14:37:54', '2023-11-14 14:37:54', 0, NULL),
(23, 49, '2023-11-14 14:40:47', '2023-11-14 14:40:47', 0, NULL),
(23, 51, '2023-11-14 14:42:10', '2023-11-14 14:42:10', 0, NULL),
(24, 32, '2023-11-13 15:32:54', '2023-11-13 15:32:54', 0, NULL),
(24, 33, '2023-11-13 15:33:47', '2023-11-13 15:33:47', 0, NULL),
(24, 38, '2023-11-14 13:44:57', '2023-11-14 13:44:57', 0, NULL),
(24, 40, '2023-11-14 13:51:39', '2023-11-14 13:51:39', 0, NULL),
(24, 44, '2023-11-14 14:33:11', '2023-11-14 14:33:11', 0, NULL),
(24, 48, '2023-11-14 14:37:54', '2023-11-14 14:37:54', 0, NULL),
(24, 49, '2023-11-14 14:40:47', '2023-11-14 14:40:47', 0, NULL),
(24, 51, '2023-11-14 14:42:10', '2023-11-14 14:42:10', 0, NULL),
(25, 32, '2023-11-13 15:32:54', '2023-11-13 15:32:54', 0, NULL),
(25, 33, '2023-11-13 15:33:47', '2023-11-13 15:33:47', 0, NULL),
(25, 38, '2023-11-14 13:44:57', '2023-11-14 13:44:57', 0, NULL),
(25, 40, '2023-11-14 13:51:39', '2023-11-14 13:51:39', 0, NULL),
(25, 44, '2023-11-14 14:33:11', '2023-11-14 14:33:11', 0, NULL),
(25, 48, '2023-11-14 14:37:54', '2023-11-14 14:37:54', 0, NULL),
(25, 49, '2023-11-14 14:40:47', '2023-11-14 14:40:47', 0, NULL),
(25, 51, '2023-11-14 14:42:10', '2023-11-14 14:42:10', 0, NULL),
(26, 32, '2023-11-13 15:32:54', '2023-11-13 15:32:54', 0, NULL),
(26, 33, '2023-11-13 15:33:47', '2023-11-13 15:33:47', 0, NULL),
(26, 38, '2023-11-14 13:44:57', '2023-11-14 13:44:57', 0, NULL),
(26, 40, '2023-11-14 13:51:39', '2023-11-14 13:51:39', 0, NULL),
(26, 44, '2023-11-14 14:33:11', '2023-11-14 14:33:11', 0, NULL),
(26, 48, '2023-11-14 14:37:54', '2023-11-14 14:37:54', 0, NULL),
(26, 49, '2023-11-14 14:40:47', '2023-11-14 14:40:47', 0, NULL),
(26, 51, '2023-11-14 14:42:10', '2023-11-14 14:42:10', 0, NULL),
(27, 32, '2023-11-13 15:32:54', '2023-11-13 15:32:54', 0, NULL),
(27, 33, '2023-11-13 15:33:47', '2023-11-13 15:33:47', 0, NULL),
(27, 38, '2023-11-14 13:44:57', '2023-11-14 13:44:57', 0, NULL),
(27, 40, '2023-11-14 13:51:39', '2023-11-14 13:51:39', 0, NULL),
(27, 44, '2023-11-14 14:33:11', '2023-11-14 14:33:11', 0, NULL),
(27, 48, '2023-11-14 14:37:54', '2023-11-14 14:37:54', 0, NULL),
(27, 49, '2023-11-14 14:40:47', '2023-11-14 14:40:47', 0, NULL),
(27, 51, '2023-11-14 14:42:10', '2023-11-14 14:42:10', 0, NULL),
(28, 32, '2023-11-13 15:32:54', '2023-11-13 15:32:54', 0, NULL),
(28, 33, '2023-11-13 15:33:47', '2023-11-13 15:33:47', 0, NULL),
(28, 38, '2023-11-14 13:44:57', '2023-11-14 13:44:57', 0, NULL),
(28, 40, '2023-11-14 13:51:39', '2023-11-14 13:51:39', 0, NULL),
(28, 44, '2023-11-14 14:33:11', '2023-11-14 14:33:11', 0, NULL),
(28, 48, '2023-11-14 14:37:54', '2023-11-14 14:37:54', 0, NULL),
(28, 49, '2023-11-14 14:40:47', '2023-11-14 14:40:47', 0, NULL),
(28, 51, '2023-11-14 14:42:10', '2023-11-14 14:42:10', 0, NULL),
(29, 32, '2023-11-13 15:32:54', '2023-11-13 15:32:54', 0, NULL),
(29, 33, '2023-11-13 15:33:47', '2023-11-13 15:33:47', 0, NULL),
(29, 38, '2023-11-14 13:44:57', '2023-11-14 13:44:57', 0, NULL),
(29, 40, '2023-11-14 13:51:39', '2023-11-14 13:51:39', 0, NULL),
(29, 44, '2023-11-14 14:33:11', '2023-11-14 14:33:11', 0, NULL),
(29, 48, '2023-11-14 14:37:54', '2023-11-14 14:37:54', 0, NULL),
(29, 49, '2023-11-14 14:40:47', '2023-11-14 14:40:47', 0, NULL),
(29, 51, '2023-11-14 14:42:10', '2023-11-14 14:42:10', 0, NULL),
(30, 32, '2023-11-13 15:32:54', '2023-11-13 15:32:54', 0, NULL),
(30, 33, '2023-11-13 15:33:47', '2023-11-13 15:33:47', 0, NULL),
(30, 38, '2023-11-14 13:44:57', '2023-11-14 13:44:57', 0, NULL),
(30, 40, '2023-11-14 13:51:39', '2023-11-14 13:51:39', 0, NULL),
(30, 44, '2023-11-14 14:33:11', '2023-11-14 14:33:11', 0, NULL),
(30, 48, '2023-11-14 14:37:54', '2023-11-14 14:37:54', 0, NULL),
(30, 49, '2023-11-14 14:40:47', '2023-11-14 14:40:47', 0, NULL),
(30, 51, '2023-11-14 14:42:10', '2023-11-14 14:42:10', 0, NULL),
(31, 32, '2023-11-13 15:32:54', '2023-11-13 15:32:54', 0, NULL),
(31, 33, '2023-11-13 15:33:47', '2023-11-13 15:33:47', 0, NULL),
(31, 38, '2023-11-14 13:44:57', '2023-11-14 13:44:57', 0, NULL),
(31, 40, '2023-11-14 13:51:39', '2023-11-14 13:51:39', 0, NULL),
(31, 44, '2023-11-14 14:33:11', '2023-11-14 14:33:11', 0, NULL),
(31, 48, '2023-11-14 14:37:54', '2023-11-14 14:37:54', 0, NULL),
(31, 49, '2023-11-14 14:40:47', '2023-11-14 14:40:47', 0, NULL),
(31, 51, '2023-11-14 14:42:10', '2023-11-14 14:42:10', 0, NULL),
(32, 32, '2023-11-13 15:32:54', '2023-11-13 15:32:54', 0, NULL),
(32, 33, '2023-11-13 15:33:47', '2023-11-13 15:33:47', 0, NULL),
(32, 38, '2023-11-14 13:44:57', '2023-11-14 13:44:57', 0, NULL),
(32, 40, '2023-11-14 13:51:39', '2023-11-14 13:51:39', 0, NULL),
(32, 44, '2023-11-14 14:33:11', '2023-11-14 14:33:11', 0, NULL),
(32, 48, '2023-11-14 14:37:54', '2023-11-14 14:37:54', 0, NULL),
(32, 49, '2023-11-14 14:40:47', '2023-11-14 14:40:47', 0, NULL),
(32, 51, '2023-11-14 14:42:10', '2023-11-14 14:42:10', 0, NULL),
(33, 32, '2023-11-13 15:32:54', '2023-11-13 15:32:54', 0, NULL),
(33, 33, '2023-11-13 15:33:47', '2023-11-13 15:33:47', 0, NULL),
(33, 38, '2023-11-14 13:44:57', '2023-11-14 13:44:57', 0, NULL),
(33, 40, '2023-11-14 13:51:39', '2023-11-14 13:51:39', 0, NULL),
(33, 44, '2023-11-14 14:33:11', '2023-11-14 14:33:11', 0, NULL),
(33, 48, '2023-11-14 14:37:54', '2023-11-14 14:37:54', 0, NULL),
(33, 49, '2023-11-14 14:40:47', '2023-11-14 14:40:47', 0, NULL),
(33, 51, '2023-11-14 14:42:10', '2023-11-14 14:42:10', 0, NULL),
(34, 32, '2023-11-13 15:32:54', '2023-11-13 15:32:54', 0, NULL),
(34, 33, '2023-11-13 15:33:47', '2023-11-13 15:33:47', 0, NULL),
(34, 38, '2023-11-14 13:44:57', '2023-11-14 13:44:57', 0, NULL),
(34, 40, '2023-11-14 13:51:39', '2023-11-14 13:51:39', 0, NULL),
(34, 44, '2023-11-14 14:33:11', '2023-11-14 14:33:11', 0, NULL),
(34, 48, '2023-11-14 14:37:54', '2023-11-14 14:37:54', 0, NULL),
(34, 49, '2023-11-14 14:40:47', '2023-11-14 14:40:47', 0, NULL),
(34, 51, '2023-11-14 14:42:10', '2023-11-14 14:42:10', 0, NULL),
(35, 32, '2023-11-13 15:32:54', '2023-11-13 15:32:54', 0, NULL),
(35, 33, '2023-11-13 15:33:47', '2023-11-13 15:33:47', 0, NULL),
(35, 38, '2023-11-14 13:44:57', '2023-11-14 13:44:57', 0, NULL),
(35, 40, '2023-11-14 13:51:39', '2023-11-14 13:51:39', 0, NULL),
(35, 44, '2023-11-14 14:33:11', '2023-11-14 14:33:11', 0, NULL),
(35, 48, '2023-11-14 14:37:54', '2023-11-14 14:37:54', 0, NULL),
(35, 49, '2023-11-14 14:40:47', '2023-11-14 14:40:47', 0, NULL),
(35, 51, '2023-11-14 14:42:10', '2023-11-14 14:42:10', 0, NULL),
(36, 32, '2023-11-13 15:32:54', '2023-11-13 15:32:54', 0, NULL),
(36, 33, '2023-11-13 15:33:47', '2023-11-13 15:33:47', 0, NULL),
(36, 38, '2023-11-14 13:44:57', '2023-11-14 13:44:57', 0, NULL),
(36, 40, '2023-11-14 13:51:39', '2023-11-14 13:51:39', 0, NULL),
(36, 44, '2023-11-14 14:33:11', '2023-11-14 14:33:11', 0, NULL),
(36, 48, '2023-11-14 14:37:54', '2023-11-14 14:37:54', 0, NULL),
(36, 49, '2023-11-14 14:40:47', '2023-11-14 14:40:47', 0, NULL),
(36, 51, '2023-11-14 14:42:10', '2023-11-14 14:42:10', 0, NULL),
(37, 32, '2023-11-13 15:32:54', '2023-11-13 15:32:54', 0, NULL),
(37, 33, '2023-11-13 15:33:47', '2023-11-13 15:33:47', 0, NULL),
(37, 38, '2023-11-14 13:44:57', '2023-11-14 13:44:57', 0, NULL),
(37, 40, '2023-11-14 13:51:39', '2023-11-14 13:51:39', 0, NULL),
(37, 44, '2023-11-14 14:33:11', '2023-11-14 14:33:11', 0, NULL),
(37, 48, '2023-11-14 14:37:54', '2023-11-14 14:37:54', 0, NULL),
(37, 49, '2023-11-14 14:40:47', '2023-11-14 14:40:47', 0, NULL),
(37, 51, '2023-11-14 14:42:10', '2023-11-14 14:42:10', 0, NULL),
(38, 32, '2023-11-13 15:32:54', '2023-11-13 15:32:54', 0, NULL),
(38, 33, '2023-11-13 15:33:47', '2023-11-13 15:33:47', 0, NULL),
(38, 38, '2023-11-14 13:44:57', '2023-11-14 13:44:57', 0, NULL),
(38, 40, '2023-11-14 13:51:39', '2023-11-14 13:51:39', 0, NULL),
(38, 44, '2023-11-14 14:33:11', '2023-11-14 14:33:11', 0, NULL),
(38, 48, '2023-11-14 14:37:54', '2023-11-14 14:37:54', 0, NULL),
(38, 49, '2023-11-14 14:40:47', '2023-11-14 14:40:47', 0, NULL),
(38, 51, '2023-11-14 14:42:10', '2023-11-14 14:42:10', 0, NULL),
(39, 32, '2023-11-13 15:32:54', '2023-11-13 15:32:54', 0, NULL),
(39, 33, '2023-11-13 15:33:47', '2023-11-13 15:33:47', 0, NULL),
(39, 38, '2023-11-14 13:44:57', '2023-11-14 13:44:57', 0, NULL),
(39, 40, '2023-11-14 13:51:39', '2023-11-14 13:51:39', 0, NULL),
(39, 44, '2023-11-14 14:33:11', '2023-11-14 14:33:11', 0, NULL),
(39, 48, '2023-11-14 14:37:54', '2023-11-14 14:37:54', 0, NULL),
(39, 49, '2023-11-14 14:40:47', '2023-11-14 14:40:47', 0, NULL),
(39, 51, '2023-11-14 14:42:10', '2023-11-14 14:42:10', 0, NULL),
(40, 32, '2023-11-13 15:32:54', '2023-11-13 15:32:54', 0, NULL),
(40, 33, '2023-11-13 15:33:47', '2023-11-13 15:33:47', 0, NULL),
(40, 38, '2023-11-14 13:44:57', '2023-11-14 13:44:57', 0, NULL),
(40, 40, '2023-11-14 13:51:39', '2023-11-14 13:51:39', 0, NULL),
(40, 44, '2023-11-14 14:33:11', '2023-11-14 14:33:11', 0, NULL),
(40, 48, '2023-11-14 14:37:54', '2023-11-14 14:37:54', 0, NULL),
(40, 49, '2023-11-14 14:40:47', '2023-11-14 14:40:47', 0, NULL),
(40, 51, '2023-11-14 14:42:10', '2023-11-14 14:42:10', 0, NULL),
(41, 32, '2023-11-13 15:32:54', '2023-11-13 15:32:54', 0, NULL),
(41, 33, '2023-11-13 15:33:47', '2023-11-13 15:33:47', 0, NULL),
(41, 38, '2023-11-14 13:44:57', '2023-11-14 13:44:57', 0, NULL),
(41, 40, '2023-11-14 13:51:39', '2023-11-14 13:51:39', 0, NULL),
(41, 44, '2023-11-14 14:33:11', '2023-11-14 14:33:11', 0, NULL),
(41, 48, '2023-11-14 14:37:54', '2023-11-14 14:37:54', 0, NULL),
(41, 49, '2023-11-14 14:40:47', '2023-11-14 14:40:47', 0, NULL),
(41, 51, '2023-11-14 14:42:10', '2023-11-14 14:42:10', 0, NULL),
(42, 32, '2023-11-13 15:32:54', '2023-11-13 15:32:54', 0, NULL),
(42, 33, '2023-11-13 15:33:47', '2023-11-13 15:33:47', 0, NULL),
(42, 38, '2023-11-14 13:44:57', '2023-11-14 13:44:57', 0, NULL),
(42, 40, '2023-11-14 13:51:39', '2023-11-14 13:51:39', 0, NULL),
(42, 44, '2023-11-14 14:33:11', '2023-11-14 14:33:11', 0, NULL),
(42, 48, '2023-11-14 14:37:54', '2023-11-14 14:37:54', 0, NULL),
(42, 49, '2023-11-14 14:40:47', '2023-11-14 14:40:47', 0, NULL),
(42, 51, '2023-11-14 14:42:10', '2023-11-14 14:42:10', 0, NULL),
(43, 32, '2023-11-13 15:32:54', '2023-11-13 15:32:54', 0, NULL),
(43, 33, '2023-11-13 15:33:47', '2023-11-13 15:33:47', 0, NULL),
(43, 38, '2023-11-14 13:44:57', '2023-11-14 13:44:57', 0, NULL),
(43, 40, '2023-11-14 13:51:39', '2023-11-14 13:51:39', 0, NULL),
(43, 44, '2023-11-14 14:33:11', '2023-11-14 14:33:11', 0, NULL),
(43, 48, '2023-11-14 14:37:54', '2023-11-14 14:37:54', 0, NULL),
(43, 49, '2023-11-14 14:40:47', '2023-11-14 14:40:47', 0, NULL),
(43, 51, '2023-11-14 14:42:10', '2023-11-14 14:42:10', 0, NULL),
(44, 32, '2023-11-13 15:32:54', '2023-11-13 15:32:54', 0, NULL),
(44, 33, '2023-11-13 15:33:47', '2023-11-13 15:33:47', 0, NULL),
(44, 38, '2023-11-14 13:44:57', '2023-11-14 13:44:57', 0, NULL),
(44, 40, '2023-11-14 13:51:39', '2023-11-14 13:51:39', 0, NULL),
(44, 44, '2023-11-14 14:33:11', '2023-11-14 14:33:11', 0, NULL),
(44, 48, '2023-11-14 14:37:54', '2023-11-14 14:37:54', 0, NULL),
(44, 49, '2023-11-14 14:40:47', '2023-11-14 14:40:47', 0, NULL),
(44, 51, '2023-11-14 14:42:10', '2023-11-14 14:42:10', 0, NULL),
(45, 32, '2023-11-13 15:32:54', '2023-11-13 15:32:54', 0, NULL),
(45, 33, '2023-11-13 15:33:47', '2023-11-13 15:33:47', 0, NULL),
(45, 38, '2023-11-14 13:44:57', '2023-11-14 13:44:57', 0, NULL),
(45, 40, '2023-11-14 13:51:39', '2023-11-14 13:51:39', 0, NULL),
(45, 44, '2023-11-14 14:33:11', '2023-11-14 14:33:11', 0, NULL),
(45, 48, '2023-11-14 14:37:54', '2023-11-14 14:37:54', 0, NULL),
(45, 49, '2023-11-14 14:40:47', '2023-11-14 14:40:47', 0, NULL),
(45, 51, '2023-11-14 14:42:10', '2023-11-14 14:42:10', 0, NULL),
(46, 32, '2023-11-13 15:32:54', '2023-11-13 15:32:54', 0, NULL),
(46, 33, '2023-11-13 15:33:47', '2023-11-13 15:33:47', 0, NULL),
(46, 38, '2023-11-14 13:44:57', '2023-11-14 13:44:57', 0, NULL),
(46, 40, '2023-11-14 13:51:39', '2023-11-14 13:51:39', 0, NULL),
(46, 44, '2023-11-14 14:33:11', '2023-11-14 14:33:11', 0, NULL),
(46, 48, '2023-11-14 14:37:54', '2023-11-14 14:37:54', 0, NULL),
(46, 49, '2023-11-14 14:40:47', '2023-11-14 14:40:47', 0, NULL),
(46, 51, '2023-11-14 14:42:10', '2023-11-14 14:42:10', 0, NULL),
(47, 32, '2023-11-13 15:32:54', '2023-11-13 15:32:54', 0, NULL),
(47, 33, '2023-11-13 15:33:47', '2023-11-13 15:33:47', 0, NULL),
(47, 38, '2023-11-14 13:44:57', '2023-11-14 13:44:57', 0, NULL),
(47, 40, '2023-11-14 13:51:39', '2023-11-14 13:51:39', 0, NULL),
(47, 44, '2023-11-14 14:33:11', '2023-11-14 14:33:11', 0, NULL),
(47, 48, '2023-11-14 14:37:54', '2023-11-14 14:37:54', 0, NULL),
(47, 49, '2023-11-14 14:40:47', '2023-11-14 14:40:47', 0, NULL),
(47, 51, '2023-11-14 14:42:10', '2023-11-14 14:42:10', 0, NULL),
(48, 32, '2023-11-13 15:32:54', '2023-11-13 15:32:54', 0, NULL),
(48, 33, '2023-11-13 15:33:47', '2023-11-13 15:33:47', 0, NULL),
(48, 38, '2023-11-14 13:44:57', '2023-11-14 13:44:57', 0, NULL),
(48, 40, '2023-11-14 13:51:39', '2023-11-14 13:51:39', 0, NULL),
(48, 44, '2023-11-14 14:33:11', '2023-11-14 14:33:11', 0, NULL),
(48, 48, '2023-11-14 14:37:54', '2023-11-14 14:37:54', 0, NULL),
(48, 49, '2023-11-14 14:40:47', '2023-11-14 14:40:47', 0, NULL),
(48, 51, '2023-11-14 14:42:10', '2023-11-14 14:42:10', 0, NULL),
(49, 32, '2023-11-13 15:32:54', '2023-11-13 15:32:54', 0, NULL),
(49, 33, '2023-11-13 15:33:47', '2023-11-13 15:33:47', 0, NULL),
(49, 38, '2023-11-14 13:44:57', '2023-11-14 13:44:57', 0, NULL),
(49, 40, '2023-11-14 13:51:39', '2023-11-14 13:51:39', 0, NULL),
(49, 44, '2023-11-14 14:33:11', '2023-11-14 14:33:11', 0, NULL),
(49, 48, '2023-11-14 14:37:54', '2023-11-14 14:37:54', 0, NULL),
(49, 49, '2023-11-14 14:40:47', '2023-11-14 14:40:47', 0, NULL),
(49, 51, '2023-11-14 14:42:10', '2023-11-14 14:42:10', 0, NULL),
(50, 32, '2023-11-13 15:32:54', '2023-11-13 15:32:54', 0, NULL),
(50, 33, '2023-11-13 15:33:47', '2023-11-13 15:33:47', 0, NULL),
(50, 38, '2023-11-14 13:44:57', '2023-11-14 13:44:57', 0, NULL),
(50, 40, '2023-11-14 13:51:39', '2023-11-14 13:51:39', 0, NULL),
(50, 44, '2023-11-14 14:33:11', '2023-11-14 14:33:11', 0, NULL),
(50, 48, '2023-11-14 14:37:54', '2023-11-14 14:37:54', 0, NULL),
(50, 49, '2023-11-14 14:40:47', '2023-11-14 14:40:47', 0, NULL),
(50, 51, '2023-11-14 14:42:10', '2023-11-14 14:42:10', 0, NULL),
(51, 32, '2023-11-13 15:32:54', '2023-11-13 15:32:54', 0, NULL),
(51, 33, '2023-11-13 15:33:47', '2023-11-13 15:33:47', 0, NULL),
(51, 38, '2023-11-14 13:44:57', '2023-11-14 13:44:57', 0, NULL),
(51, 40, '2023-11-14 13:51:39', '2023-11-14 13:51:39', 0, NULL),
(51, 44, '2023-11-14 14:33:11', '2023-11-14 14:33:11', 0, NULL),
(51, 48, '2023-11-14 14:37:54', '2023-11-14 14:37:54', 0, NULL),
(51, 49, '2023-11-14 14:40:47', '2023-11-14 14:40:47', 0, NULL),
(51, 51, '2023-11-14 14:42:10', '2023-11-14 14:42:10', 0, NULL),
(52, 32, '2023-11-13 15:32:54', '2023-11-13 15:32:54', 0, NULL),
(52, 33, '2023-11-13 15:33:47', '2023-11-13 15:33:47', 0, NULL),
(52, 38, '2023-11-14 13:44:57', '2023-11-14 13:44:57', 0, NULL),
(52, 40, '2023-11-14 13:51:39', '2023-11-14 13:51:39', 0, NULL),
(52, 44, '2023-11-14 14:33:11', '2023-11-14 14:33:11', 0, NULL),
(52, 48, '2023-11-14 14:37:54', '2023-11-14 14:37:54', 0, NULL),
(52, 49, '2023-11-14 14:40:47', '2023-11-14 14:40:47', 0, NULL),
(52, 51, '2023-11-14 14:42:10', '2023-11-14 14:42:10', 0, NULL),
(53, 32, '2023-11-13 15:32:54', '2023-11-13 15:32:54', 0, NULL),
(53, 33, '2023-11-13 15:33:47', '2023-11-13 15:33:47', 0, NULL),
(53, 38, '2023-11-14 13:44:57', '2023-11-14 13:44:57', 0, NULL),
(53, 40, '2023-11-14 13:51:39', '2023-11-14 13:51:39', 0, NULL),
(53, 44, '2023-11-14 14:33:11', '2023-11-14 14:33:11', 0, NULL),
(53, 48, '2023-11-14 14:37:54', '2023-11-14 14:37:54', 0, NULL),
(53, 49, '2023-11-14 14:40:47', '2023-11-14 14:40:47', 0, NULL),
(53, 51, '2023-11-14 14:42:10', '2023-11-14 14:42:10', 0, NULL),
(54, 32, '2023-11-13 15:32:54', '2023-11-13 15:32:54', 0, NULL),
(54, 33, '2023-11-13 15:33:47', '2023-11-13 15:33:47', 0, NULL),
(54, 38, '2023-11-14 13:44:57', '2023-11-14 13:44:57', 0, NULL),
(54, 40, '2023-11-14 13:51:39', '2023-11-14 13:51:39', 0, NULL),
(54, 44, '2023-11-14 14:33:11', '2023-11-14 14:33:11', 0, NULL),
(54, 48, '2023-11-14 14:37:54', '2023-11-14 14:37:54', 0, NULL),
(54, 49, '2023-11-14 14:40:47', '2023-11-14 14:40:47', 0, NULL),
(54, 51, '2023-11-14 14:42:10', '2023-11-14 14:42:10', 0, NULL),
(55, 32, '2023-11-13 15:32:54', '2023-11-13 15:32:54', 0, NULL),
(55, 33, '2023-11-13 15:33:47', '2023-11-13 15:33:47', 0, NULL),
(55, 38, '2023-11-14 13:44:57', '2023-11-14 13:44:57', 0, NULL),
(55, 40, '2023-11-14 13:51:39', '2023-11-14 13:51:39', 0, NULL),
(55, 44, '2023-11-14 14:33:11', '2023-11-14 14:33:11', 0, NULL),
(55, 48, '2023-11-14 14:37:54', '2023-11-14 14:37:54', 0, NULL),
(55, 49, '2023-11-14 14:40:47', '2023-11-14 14:40:47', 0, NULL),
(55, 51, '2023-11-14 14:42:10', '2023-11-14 14:42:10', 0, NULL),
(56, 32, '2023-11-13 15:32:54', '2023-11-13 15:32:54', 0, NULL),
(56, 33, '2023-11-13 15:33:47', '2023-11-13 15:33:47', 0, NULL),
(56, 38, '2023-11-14 13:44:57', '2023-11-14 13:44:57', 0, NULL),
(56, 40, '2023-11-14 13:51:39', '2023-11-14 13:51:39', 0, NULL),
(56, 44, '2023-11-14 14:33:11', '2023-11-14 14:33:11', 0, NULL),
(56, 48, '2023-11-14 14:37:54', '2023-11-14 14:37:54', 0, NULL),
(56, 49, '2023-11-14 14:40:47', '2023-11-14 14:40:47', 0, NULL),
(56, 51, '2023-11-14 14:42:10', '2023-11-14 14:42:10', 0, NULL),
(57, 32, '2023-11-13 15:32:54', '2023-11-13 15:32:54', 0, NULL),
(57, 33, '2023-11-13 15:33:47', '2023-11-13 15:33:47', 0, NULL),
(57, 38, '2023-11-14 13:44:57', '2023-11-14 13:44:57', 0, NULL),
(57, 40, '2023-11-14 13:51:39', '2023-11-14 13:51:39', 0, NULL),
(57, 44, '2023-11-14 14:33:11', '2023-11-14 14:33:11', 0, NULL),
(57, 48, '2023-11-14 14:37:54', '2023-11-14 14:37:54', 0, NULL),
(57, 49, '2023-11-14 14:40:47', '2023-11-14 14:40:47', 0, NULL),
(57, 51, '2023-11-14 14:42:10', '2023-11-14 14:42:10', 0, NULL),
(58, 32, '2023-11-13 15:32:54', '2023-11-13 15:32:54', 0, NULL),
(58, 33, '2023-11-13 15:33:47', '2023-11-13 15:33:47', 0, NULL),
(58, 38, '2023-11-14 13:44:57', '2023-11-14 13:44:57', 0, NULL),
(58, 40, '2023-11-14 13:51:39', '2023-11-14 13:51:39', 0, NULL),
(58, 44, '2023-11-14 14:33:11', '2023-11-14 14:33:11', 0, NULL),
(58, 48, '2023-11-14 14:37:54', '2023-11-14 14:37:54', 0, NULL),
(58, 49, '2023-11-14 14:40:47', '2023-11-14 14:40:47', 0, NULL),
(58, 51, '2023-11-14 14:42:10', '2023-11-14 14:42:10', 0, NULL),
(59, 32, '2023-11-13 15:32:54', '2023-11-13 15:32:54', 0, NULL),
(59, 33, '2023-11-13 15:33:47', '2023-11-13 15:33:47', 0, NULL),
(59, 38, '2023-11-14 13:44:57', '2023-11-14 13:44:57', 0, NULL),
(59, 40, '2023-11-14 13:51:39', '2023-11-14 13:51:39', 0, NULL),
(59, 44, '2023-11-14 14:33:11', '2023-11-14 14:33:11', 0, NULL),
(59, 48, '2023-11-14 14:37:54', '2023-11-14 14:37:54', 0, NULL),
(59, 49, '2023-11-14 14:40:47', '2023-11-14 14:40:47', 0, NULL),
(59, 51, '2023-11-14 14:42:10', '2023-11-14 14:42:10', 0, NULL),
(60, 32, '2023-11-13 15:32:54', '2023-11-13 15:32:54', 0, NULL),
(60, 33, '2023-11-13 15:33:47', '2023-11-13 15:33:47', 0, NULL),
(60, 38, '2023-11-14 13:44:57', '2023-11-14 13:44:57', 0, NULL),
(60, 40, '2023-11-14 13:51:39', '2023-11-14 13:51:39', 0, NULL),
(60, 44, '2023-11-14 14:33:11', '2023-11-14 14:33:11', 0, NULL),
(60, 48, '2023-11-14 14:37:54', '2023-11-14 14:37:54', 0, NULL),
(60, 49, '2023-11-14 14:40:47', '2023-11-14 14:40:47', 0, NULL),
(60, 51, '2023-11-14 14:42:10', '2023-11-14 14:42:10', 0, NULL),
(61, 32, '2023-11-13 15:32:54', '2023-11-13 15:32:54', 0, NULL),
(61, 33, '2023-11-13 15:33:47', '2023-11-13 15:33:47', 0, NULL),
(61, 38, '2023-11-14 13:44:57', '2023-11-14 13:44:57', 0, NULL),
(61, 40, '2023-11-14 13:51:39', '2023-11-14 13:51:39', 0, NULL),
(61, 44, '2023-11-14 14:33:11', '2023-11-14 14:33:11', 0, NULL),
(61, 48, '2023-11-14 14:37:54', '2023-11-14 14:37:54', 0, NULL),
(61, 49, '2023-11-14 14:40:47', '2023-11-14 14:40:47', 0, NULL),
(61, 51, '2023-11-14 14:42:10', '2023-11-14 14:42:10', 0, NULL),
(62, 32, '2023-11-13 15:32:54', '2023-11-13 15:32:54', 0, NULL),
(62, 33, '2023-11-13 15:33:47', '2023-11-13 15:33:47', 0, NULL),
(62, 38, '2023-11-14 13:44:57', '2023-11-14 13:44:57', 0, NULL),
(62, 40, '2023-11-14 13:51:39', '2023-11-14 13:51:39', 0, NULL),
(62, 44, '2023-11-14 14:33:11', '2023-11-14 14:33:11', 0, NULL),
(62, 48, '2023-11-14 14:37:54', '2023-11-14 14:37:54', 0, NULL),
(62, 49, '2023-11-14 14:40:47', '2023-11-14 14:40:47', 0, NULL),
(62, 51, '2023-11-14 14:42:10', '2023-11-14 14:42:10', 0, NULL),
(63, 32, '2023-11-13 15:32:54', '2023-11-13 15:32:54', 0, NULL),
(63, 33, '2023-11-13 15:33:47', '2023-11-13 15:33:47', 0, NULL),
(63, 38, '2023-11-14 13:44:57', '2023-11-14 13:44:57', 0, NULL),
(63, 40, '2023-11-14 13:51:39', '2023-11-14 13:51:39', 0, NULL),
(63, 44, '2023-11-14 14:33:11', '2023-11-14 14:33:11', 0, NULL),
(63, 48, '2023-11-14 14:37:54', '2023-11-14 14:37:54', 0, NULL),
(63, 49, '2023-11-14 14:40:47', '2023-11-14 14:40:47', 0, NULL),
(63, 51, '2023-11-14 14:42:10', '2023-11-14 14:42:10', 0, NULL),
(64, 32, '2023-11-13 15:32:54', '2023-11-13 15:32:54', 0, NULL),
(64, 33, '2023-11-13 15:33:47', '2023-11-13 15:33:47', 0, NULL),
(64, 38, '2023-11-14 13:44:57', '2023-11-14 13:44:57', 0, NULL),
(64, 40, '2023-11-14 13:51:39', '2023-11-14 13:51:39', 0, NULL),
(64, 44, '2023-11-14 14:33:11', '2023-11-14 14:33:11', 0, NULL),
(64, 48, '2023-11-14 14:37:54', '2023-11-14 14:37:54', 0, NULL),
(64, 49, '2023-11-14 14:40:47', '2023-11-14 14:40:47', 0, NULL),
(64, 51, '2023-11-14 14:42:10', '2023-11-14 14:42:10', 0, NULL),
(65, 32, '2023-11-13 15:32:54', '2023-11-13 15:32:54', 0, NULL),
(65, 33, '2023-11-13 15:33:47', '2023-11-13 15:33:47', 0, NULL),
(65, 38, '2023-11-14 13:44:57', '2023-11-14 13:44:57', 0, NULL),
(65, 40, '2023-11-14 13:51:39', '2023-11-14 13:51:39', 0, NULL),
(65, 44, '2023-11-14 14:33:11', '2023-11-14 14:33:11', 0, NULL),
(65, 48, '2023-11-14 14:37:54', '2023-11-14 14:37:54', 0, NULL),
(65, 49, '2023-11-14 14:40:47', '2023-11-14 14:40:47', 0, NULL),
(65, 51, '2023-11-14 14:42:10', '2023-11-14 14:42:10', 0, NULL),
(66, 32, '2023-11-13 15:32:54', '2023-11-13 15:32:54', 0, NULL),
(66, 33, '2023-11-13 15:33:47', '2023-11-13 15:33:47', 0, NULL),
(66, 38, '2023-11-14 13:44:57', '2023-11-14 13:44:57', 0, NULL),
(66, 40, '2023-11-14 13:51:39', '2023-11-14 13:51:39', 0, NULL),
(66, 44, '2023-11-14 14:33:11', '2023-11-14 14:33:11', 0, NULL),
(66, 48, '2023-11-14 14:37:54', '2023-11-14 14:37:54', 0, NULL),
(66, 49, '2023-11-14 14:40:47', '2023-11-14 14:40:47', 0, NULL),
(66, 51, '2023-11-14 14:42:10', '2023-11-14 14:42:10', 0, NULL),
(67, 32, '2023-11-13 15:32:54', '2023-11-13 15:32:54', 0, NULL),
(67, 33, '2023-11-13 15:33:47', '2023-11-13 15:33:47', 0, NULL),
(67, 38, '2023-11-14 13:44:57', '2023-11-14 13:44:57', 0, NULL),
(67, 40, '2023-11-14 13:51:39', '2023-11-14 13:51:39', 0, NULL),
(67, 44, '2023-11-14 14:33:11', '2023-11-14 14:33:11', 0, NULL),
(67, 48, '2023-11-14 14:37:54', '2023-11-14 14:37:54', 0, NULL),
(67, 49, '2023-11-14 14:40:47', '2023-11-14 14:40:47', 0, NULL),
(67, 51, '2023-11-14 14:42:10', '2023-11-14 14:42:10', 0, NULL),
(68, 32, '2023-11-13 15:32:54', '2023-11-13 15:32:54', 0, NULL),
(68, 33, '2023-11-13 15:33:47', '2023-11-13 15:33:47', 0, NULL),
(68, 38, '2023-11-14 13:44:57', '2023-11-14 13:44:57', 0, NULL),
(68, 40, '2023-11-14 13:51:39', '2023-11-14 13:51:39', 0, NULL),
(68, 44, '2023-11-14 14:33:11', '2023-11-14 14:33:11', 0, NULL),
(68, 48, '2023-11-14 14:37:54', '2023-11-14 14:37:54', 0, NULL),
(68, 49, '2023-11-14 14:40:47', '2023-11-14 14:40:47', 0, NULL),
(68, 51, '2023-11-14 14:42:10', '2023-11-14 14:42:10', 0, NULL),
(69, 32, '2023-11-13 15:32:54', '2023-11-13 15:32:54', 0, NULL),
(69, 33, '2023-11-13 15:33:47', '2023-11-13 15:33:47', 0, NULL),
(69, 38, '2023-11-14 13:44:57', '2023-11-14 13:44:57', 0, NULL),
(69, 40, '2023-11-14 13:51:39', '2023-11-14 13:51:39', 0, NULL),
(69, 44, '2023-11-14 14:33:11', '2023-11-14 14:33:11', 0, NULL),
(69, 48, '2023-11-14 14:37:54', '2023-11-14 14:37:54', 0, NULL),
(69, 49, '2023-11-14 14:40:47', '2023-11-14 14:40:47', 0, NULL),
(69, 51, '2023-11-14 14:42:10', '2023-11-14 14:42:10', 0, NULL),
(70, 32, '2023-11-13 15:32:54', '2023-11-13 15:32:54', 0, NULL),
(70, 33, '2023-11-13 15:33:47', '2023-11-13 15:33:47', 0, NULL),
(70, 38, '2023-11-14 13:44:57', '2023-11-14 13:44:57', 0, NULL),
(70, 40, '2023-11-14 13:51:39', '2023-11-14 13:51:39', 0, NULL),
(70, 44, '2023-11-14 14:33:11', '2023-11-14 14:33:11', 0, NULL),
(70, 48, '2023-11-14 14:37:54', '2023-11-14 14:37:54', 0, NULL),
(70, 49, '2023-11-14 14:40:47', '2023-11-14 14:40:47', 0, NULL),
(70, 51, '2023-11-14 14:42:10', '2023-11-14 14:42:10', 0, NULL),
(71, 32, '2023-11-13 15:32:54', '2023-11-13 15:32:54', 0, NULL),
(71, 33, '2023-11-13 15:33:47', '2023-11-13 15:33:47', 0, NULL),
(71, 38, '2023-11-14 13:44:57', '2023-11-14 13:44:57', 0, NULL),
(71, 40, '2023-11-14 13:51:39', '2023-11-14 13:51:39', 0, NULL),
(71, 44, '2023-11-14 14:33:11', '2023-11-14 14:33:11', 0, NULL),
(71, 48, '2023-11-14 14:37:54', '2023-11-14 14:37:54', 0, NULL),
(71, 49, '2023-11-14 14:40:47', '2023-11-14 14:40:47', 0, NULL),
(71, 51, '2023-11-14 14:42:10', '2023-11-14 14:42:10', 0, NULL),
(72, 32, '2023-11-13 15:32:54', '2023-11-13 15:32:54', 0, NULL),
(72, 33, '2023-11-13 15:33:47', '2023-11-13 15:33:47', 0, NULL),
(72, 38, '2023-11-14 13:44:57', '2023-11-14 13:44:57', 0, NULL),
(72, 40, '2023-11-14 13:51:39', '2023-11-14 13:51:39', 0, NULL),
(72, 44, '2023-11-14 14:33:11', '2023-11-14 14:33:11', 0, NULL),
(72, 48, '2023-11-14 14:37:54', '2023-11-14 14:37:54', 0, NULL),
(72, 49, '2023-11-14 14:40:47', '2023-11-14 14:40:47', 0, NULL),
(72, 51, '2023-11-14 14:42:10', '2023-11-14 14:42:10', 0, NULL),
(73, 32, '2023-11-13 15:32:54', '2023-11-13 15:32:54', 0, NULL),
(73, 33, '2023-11-13 15:33:47', '2023-11-13 15:33:47', 0, NULL),
(73, 38, '2023-11-14 13:44:57', '2023-11-14 13:44:57', 0, NULL),
(73, 40, '2023-11-14 13:51:39', '2023-11-14 13:51:39', 0, NULL),
(73, 44, '2023-11-14 14:33:11', '2023-11-14 14:33:11', 0, NULL),
(73, 48, '2023-11-14 14:37:54', '2023-11-14 14:37:54', 0, NULL),
(73, 49, '2023-11-14 14:40:47', '2023-11-14 14:40:47', 0, NULL),
(73, 51, '2023-11-14 14:42:10', '2023-11-14 14:42:10', 0, NULL),
(74, 32, '2023-11-13 15:32:54', '2023-11-13 15:32:54', 0, NULL),
(74, 33, '2023-11-13 15:33:47', '2023-11-13 15:33:47', 0, NULL),
(74, 38, '2023-11-14 13:44:57', '2023-11-14 13:44:57', 0, NULL),
(74, 40, '2023-11-14 13:51:39', '2023-11-14 13:51:39', 0, NULL),
(74, 44, '2023-11-14 14:33:11', '2023-11-14 14:33:11', 0, NULL),
(74, 48, '2023-11-14 14:37:54', '2023-11-14 14:37:54', 0, NULL),
(74, 49, '2023-11-14 14:40:47', '2023-11-14 14:40:47', 0, NULL),
(74, 51, '2023-11-14 14:42:10', '2023-11-14 14:42:10', 0, NULL),
(75, 32, '2023-11-13 15:32:54', '2023-11-13 15:32:54', 0, NULL),
(75, 33, '2023-11-13 15:33:47', '2023-11-13 15:33:47', 0, NULL),
(75, 38, '2023-11-14 13:44:57', '2023-11-14 13:44:57', 0, NULL),
(75, 40, '2023-11-14 13:51:39', '2023-11-14 13:51:39', 0, NULL),
(75, 44, '2023-11-14 14:33:11', '2023-11-14 14:33:11', 0, NULL),
(75, 48, '2023-11-14 14:37:54', '2023-11-14 14:37:54', 0, NULL),
(75, 49, '2023-11-14 14:40:47', '2023-11-14 14:40:47', 0, NULL),
(75, 51, '2023-11-14 14:42:10', '2023-11-14 14:42:10', 0, NULL),
(76, 32, '2023-11-13 15:32:54', '2023-11-13 15:32:54', 0, NULL),
(76, 33, '2023-11-13 15:33:47', '2023-11-13 15:33:47', 0, NULL),
(76, 38, '2023-11-14 13:44:57', '2023-11-14 13:44:57', 0, NULL),
(76, 40, '2023-11-14 13:51:39', '2023-11-14 13:51:39', 0, NULL),
(76, 44, '2023-11-14 14:33:11', '2023-11-14 14:33:11', 0, NULL),
(76, 48, '2023-11-14 14:37:54', '2023-11-14 14:37:54', 0, NULL),
(76, 49, '2023-11-14 14:40:47', '2023-11-14 14:40:47', 0, NULL),
(76, 51, '2023-11-14 14:42:10', '2023-11-14 14:42:10', 0, NULL),
(77, 32, '2023-11-13 15:32:54', '2023-11-13 15:32:54', 0, NULL),
(77, 33, '2023-11-13 15:33:47', '2023-11-13 15:33:47', 0, NULL),
(77, 38, '2023-11-14 13:44:57', '2023-11-14 13:44:57', 0, NULL),
(77, 40, '2023-11-14 13:51:39', '2023-11-14 13:51:39', 0, NULL),
(77, 44, '2023-11-14 14:33:11', '2023-11-14 14:33:11', 0, NULL),
(77, 48, '2023-11-14 14:37:54', '2023-11-14 14:37:54', 0, NULL),
(77, 49, '2023-11-14 14:40:47', '2023-11-14 14:40:47', 0, NULL),
(77, 51, '2023-11-14 14:42:10', '2023-11-14 14:42:10', 0, NULL),
(78, 32, '2023-11-13 15:32:54', '2023-11-13 15:32:54', 0, NULL),
(78, 33, '2023-11-13 15:33:47', '2023-11-13 15:33:47', 0, NULL),
(78, 38, '2023-11-14 13:44:57', '2023-11-14 13:44:57', 0, NULL),
(78, 40, '2023-11-14 13:51:39', '2023-11-14 13:51:39', 0, NULL),
(78, 44, '2023-11-14 14:33:11', '2023-11-14 14:33:11', 0, NULL),
(78, 48, '2023-11-14 14:37:54', '2023-11-14 14:37:54', 0, NULL),
(78, 49, '2023-11-14 14:40:47', '2023-11-14 14:40:47', 0, NULL),
(78, 51, '2023-11-14 14:42:10', '2023-11-14 14:42:10', 0, NULL),
(79, 32, '2023-11-13 15:32:54', '2023-11-13 15:32:54', 0, NULL),
(79, 33, '2023-11-13 15:33:47', '2023-11-13 15:33:47', 0, NULL),
(79, 38, '2023-11-14 13:44:57', '2023-11-14 13:44:57', 0, NULL),
(79, 40, '2023-11-14 13:51:39', '2023-11-14 13:51:39', 0, NULL),
(79, 44, '2023-11-14 14:33:11', '2023-11-14 14:33:11', 0, NULL),
(79, 48, '2023-11-14 14:37:54', '2023-11-14 14:37:54', 0, NULL),
(79, 49, '2023-11-14 14:40:47', '2023-11-14 14:40:47', 0, NULL),
(79, 51, '2023-11-14 14:42:10', '2023-11-14 14:42:10', 0, NULL),
(80, 32, '2023-11-13 15:32:54', '2023-11-13 15:32:54', 0, NULL),
(80, 33, '2023-11-13 15:33:47', '2023-11-13 15:33:47', 0, NULL),
(80, 38, '2023-11-14 13:44:57', '2023-11-14 13:44:57', 0, NULL),
(80, 40, '2023-11-14 13:51:39', '2023-11-14 13:51:39', 0, NULL),
(80, 44, '2023-11-14 14:33:11', '2023-11-14 14:33:11', 0, NULL),
(80, 48, '2023-11-14 14:37:54', '2023-11-14 14:37:54', 0, NULL),
(80, 49, '2023-11-14 14:40:47', '2023-11-14 14:40:47', 0, NULL),
(80, 51, '2023-11-14 14:42:10', '2023-11-14 14:42:10', 0, NULL),
(81, 32, '2023-11-13 15:32:54', '2023-11-13 15:32:54', 0, NULL),
(81, 33, '2023-11-13 15:33:47', '2023-11-13 15:33:47', 0, NULL),
(81, 38, '2023-11-14 13:44:57', '2023-11-14 13:44:57', 0, NULL),
(81, 40, '2023-11-14 13:51:39', '2023-11-14 13:51:39', 0, NULL),
(81, 44, '2023-11-14 14:33:11', '2023-11-14 14:33:11', 0, NULL),
(81, 48, '2023-11-14 14:37:54', '2023-11-14 14:37:54', 0, NULL),
(81, 49, '2023-11-14 14:40:47', '2023-11-14 14:40:47', 0, NULL),
(81, 51, '2023-11-14 14:42:10', '2023-11-14 14:42:10', 0, NULL),
(82, 32, '2023-11-13 15:32:54', '2023-11-13 15:32:54', 0, NULL),
(82, 33, '2023-11-13 15:33:47', '2023-11-13 15:33:47', 0, NULL),
(82, 38, '2023-11-14 13:44:57', '2023-11-14 13:44:57', 0, NULL),
(82, 40, '2023-11-14 13:51:39', '2023-11-14 13:51:39', 0, NULL),
(82, 44, '2023-11-14 14:33:11', '2023-11-14 14:33:11', 0, NULL),
(82, 48, '2023-11-14 14:37:54', '2023-11-14 14:37:54', 0, NULL),
(82, 49, '2023-11-14 14:40:47', '2023-11-14 14:40:47', 0, NULL),
(82, 51, '2023-11-14 14:42:10', '2023-11-14 14:42:10', 0, NULL),
(83, 32, '2023-11-13 15:32:54', '2023-11-13 15:32:54', 0, NULL),
(83, 33, '2023-11-13 15:33:47', '2023-11-13 15:33:47', 0, NULL),
(83, 38, '2023-11-14 13:44:57', '2023-11-14 13:44:57', 0, NULL),
(83, 40, '2023-11-14 13:51:39', '2023-11-14 13:51:39', 0, NULL),
(83, 44, '2023-11-14 14:33:11', '2023-11-14 14:33:11', 0, NULL),
(83, 48, '2023-11-14 14:37:54', '2023-11-14 14:37:54', 0, NULL),
(83, 49, '2023-11-14 14:40:47', '2023-11-14 14:40:47', 0, NULL),
(83, 51, '2023-11-14 14:42:10', '2023-11-14 14:42:10', 0, NULL),
(84, 32, '2023-11-13 15:32:54', '2023-11-13 15:32:54', 0, NULL),
(84, 33, '2023-11-13 15:33:47', '2023-11-13 15:33:47', 0, NULL),
(84, 38, '2023-11-14 13:44:57', '2023-11-14 13:44:57', 0, NULL),
(84, 40, '2023-11-14 13:51:39', '2023-11-14 13:51:39', 0, NULL),
(84, 44, '2023-11-14 14:33:11', '2023-11-14 14:33:11', 0, NULL),
(84, 48, '2023-11-14 14:37:54', '2023-11-14 14:37:54', 0, NULL),
(84, 49, '2023-11-14 14:40:47', '2023-11-14 14:40:47', 0, NULL),
(84, 51, '2023-11-14 14:42:10', '2023-11-14 14:42:10', 0, NULL),
(85, 32, '2023-11-13 15:32:54', '2023-11-13 15:32:54', 0, NULL),
(85, 33, '2023-11-13 15:33:47', '2023-11-13 15:33:47', 0, NULL),
(85, 38, '2023-11-14 13:44:57', '2023-11-14 13:44:57', 0, NULL),
(85, 40, '2023-11-14 13:51:39', '2023-11-14 13:51:39', 0, NULL),
(85, 44, '2023-11-14 14:33:11', '2023-11-14 14:33:11', 0, NULL),
(85, 48, '2023-11-14 14:37:54', '2023-11-14 14:37:54', 0, NULL),
(85, 49, '2023-11-14 14:40:47', '2023-11-14 14:40:47', 0, NULL),
(85, 51, '2023-11-14 14:42:10', '2023-11-14 14:42:10', 0, NULL),
(86, 32, '2023-11-13 15:32:54', '2023-11-13 15:32:54', 0, NULL),
(86, 33, '2023-11-13 15:33:47', '2023-11-13 15:33:47', 0, NULL),
(86, 38, '2023-11-14 13:44:57', '2023-11-14 13:44:57', 0, NULL),
(86, 40, '2023-11-14 13:51:39', '2023-11-14 13:51:39', 0, NULL),
(86, 44, '2023-11-14 14:33:11', '2023-11-14 14:33:11', 0, NULL),
(86, 48, '2023-11-14 14:37:54', '2023-11-14 14:37:54', 0, NULL),
(86, 49, '2023-11-14 14:40:47', '2023-11-14 14:40:47', 0, NULL),
(86, 51, '2023-11-14 14:42:10', '2023-11-14 14:42:10', 0, NULL),
(87, 32, '2023-11-13 15:32:54', '2023-11-13 15:32:54', 0, NULL),
(87, 33, '2023-11-13 15:33:47', '2023-11-13 15:33:47', 0, NULL),
(87, 38, '2023-11-14 13:44:57', '2023-11-14 13:44:57', 0, NULL),
(87, 40, '2023-11-14 13:51:39', '2023-11-14 13:51:39', 0, NULL),
(87, 44, '2023-11-14 14:33:11', '2023-11-14 14:33:11', 0, NULL),
(87, 48, '2023-11-14 14:37:54', '2023-11-14 14:37:54', 0, NULL),
(87, 49, '2023-11-14 14:40:47', '2023-11-14 14:40:47', 0, NULL),
(87, 51, '2023-11-14 14:42:10', '2023-11-14 14:42:10', 0, NULL),
(88, 32, '2023-11-13 15:32:54', '2023-11-13 15:32:54', 0, NULL),
(88, 33, '2023-11-13 15:33:47', '2023-11-13 15:33:47', 0, NULL),
(88, 38, '2023-11-14 13:44:57', '2023-11-14 13:44:57', 0, NULL),
(88, 40, '2023-11-14 13:51:39', '2023-11-14 13:51:39', 0, NULL),
(88, 44, '2023-11-14 14:33:11', '2023-11-14 14:33:11', 0, NULL),
(88, 48, '2023-11-14 14:37:54', '2023-11-14 14:37:54', 0, NULL),
(88, 49, '2023-11-14 14:40:47', '2023-11-14 14:40:47', 0, NULL),
(88, 51, '2023-11-14 14:42:10', '2023-11-14 14:42:10', 0, NULL),
(89, 32, '2023-11-13 15:32:54', '2023-11-13 15:32:54', 0, NULL),
(89, 33, '2023-11-13 15:33:47', '2023-11-13 15:33:47', 0, NULL),
(89, 38, '2023-11-14 13:44:57', '2023-11-14 13:44:57', 0, NULL),
(89, 40, '2023-11-14 13:51:39', '2023-11-14 13:51:39', 0, NULL),
(89, 44, '2023-11-14 14:33:11', '2023-11-14 14:33:11', 0, NULL),
(89, 48, '2023-11-14 14:37:54', '2023-11-14 14:37:54', 0, NULL),
(89, 49, '2023-11-14 14:40:47', '2023-11-14 14:40:47', 0, NULL),
(89, 51, '2023-11-14 14:42:10', '2023-11-14 14:42:10', 0, NULL),
(90, 32, '2023-11-13 15:32:54', '2023-11-13 15:32:54', 0, NULL),
(90, 33, '2023-11-13 15:33:47', '2023-11-13 15:33:47', 0, NULL),
(90, 38, '2023-11-14 13:44:57', '2023-11-14 13:44:57', 0, NULL),
(90, 40, '2023-11-14 13:51:39', '2023-11-14 13:51:39', 0, NULL),
(90, 44, '2023-11-14 14:33:11', '2023-11-14 14:33:11', 0, NULL),
(90, 48, '2023-11-14 14:37:54', '2023-11-14 14:37:54', 0, NULL),
(90, 49, '2023-11-14 14:40:47', '2023-11-14 14:40:47', 0, NULL),
(90, 51, '2023-11-14 14:42:10', '2023-11-14 14:42:10', 0, NULL),
(91, 32, '2023-11-13 15:32:54', '2023-11-13 15:32:54', 0, NULL),
(91, 33, '2023-11-13 15:33:47', '2023-11-13 15:33:47', 0, NULL),
(91, 38, '2023-11-14 13:44:57', '2023-11-14 13:44:57', 0, NULL),
(91, 40, '2023-11-14 13:51:39', '2023-11-14 13:51:39', 0, NULL),
(91, 44, '2023-11-14 14:33:11', '2023-11-14 14:33:11', 0, NULL),
(91, 48, '2023-11-14 14:37:54', '2023-11-14 14:37:54', 0, NULL),
(91, 49, '2023-11-14 14:40:47', '2023-11-14 14:40:47', 0, NULL),
(91, 51, '2023-11-14 14:42:10', '2023-11-14 14:42:10', 0, NULL),
(92, 32, '2023-11-13 15:32:54', '2023-11-13 15:32:54', 0, NULL),
(92, 33, '2023-11-13 15:33:47', '2023-11-13 15:33:47', 0, NULL),
(92, 38, '2023-11-14 13:44:57', '2023-11-14 13:44:57', 0, NULL),
(92, 40, '2023-11-14 13:51:39', '2023-11-14 13:51:39', 0, NULL),
(92, 44, '2023-11-14 14:33:11', '2023-11-14 14:33:11', 0, NULL),
(92, 48, '2023-11-14 14:37:54', '2023-11-14 14:37:54', 0, NULL),
(92, 49, '2023-11-14 14:40:47', '2023-11-14 14:40:47', 0, NULL),
(92, 51, '2023-11-14 14:42:10', '2023-11-14 14:42:10', 0, NULL),
(93, 32, '2023-11-13 15:32:54', '2023-11-13 15:32:54', 0, NULL),
(93, 33, '2023-11-13 15:33:47', '2023-11-13 15:33:47', 0, NULL),
(93, 38, '2023-11-14 13:44:57', '2023-11-14 13:44:57', 0, NULL),
(93, 40, '2023-11-14 13:51:39', '2023-11-14 13:51:39', 0, NULL),
(93, 44, '2023-11-14 14:33:11', '2023-11-14 14:33:11', 0, NULL),
(93, 48, '2023-11-14 14:37:54', '2023-11-14 14:37:54', 0, NULL),
(93, 49, '2023-11-14 14:40:47', '2023-11-14 14:40:47', 0, NULL),
(93, 51, '2023-11-14 14:42:10', '2023-11-14 14:42:10', 0, NULL),
(94, 32, '2023-11-13 15:32:54', '2023-11-13 15:32:54', 0, NULL),
(94, 33, '2023-11-13 15:33:47', '2023-11-13 15:33:47', 0, NULL),
(94, 38, '2023-11-14 13:44:57', '2023-11-14 13:44:57', 0, NULL),
(94, 40, '2023-11-14 13:51:39', '2023-11-14 13:51:39', 0, NULL),
(94, 44, '2023-11-14 14:33:11', '2023-11-14 14:33:11', 0, NULL),
(94, 48, '2023-11-14 14:37:54', '2023-11-14 14:37:54', 0, NULL),
(94, 49, '2023-11-14 14:40:47', '2023-11-14 14:40:47', 0, NULL),
(94, 51, '2023-11-14 14:42:10', '2023-11-14 14:42:10', 0, NULL),
(95, 32, '2023-11-13 15:32:54', '2023-11-13 15:32:54', 0, NULL),
(95, 33, '2023-11-13 15:33:47', '2023-11-13 15:33:47', 0, NULL),
(95, 38, '2023-11-14 13:44:57', '2023-11-14 13:44:57', 0, NULL),
(95, 40, '2023-11-14 13:51:39', '2023-11-14 13:51:39', 0, NULL),
(95, 44, '2023-11-14 14:33:11', '2023-11-14 14:33:11', 0, NULL),
(95, 48, '2023-11-14 14:37:54', '2023-11-14 14:37:54', 0, NULL),
(95, 49, '2023-11-14 14:40:47', '2023-11-14 14:40:47', 0, NULL),
(95, 51, '2023-11-14 14:42:10', '2023-11-14 14:42:10', 0, NULL),
(96, 34, '2023-11-13 15:34:35', '2023-11-13 15:34:35', 0, NULL),
(96, 39, '2023-11-14 13:51:11', '2023-11-14 13:51:11', 0, NULL),
(96, 43, '2023-11-14 14:29:30', '2023-11-14 14:29:30', 0, NULL),
(96, 52, '2023-11-14 14:42:43', '2023-11-14 14:42:43', 0, NULL),
(97, 34, '2023-11-13 15:34:35', '2023-11-13 15:34:35', 0, NULL),
(97, 39, '2023-11-14 13:51:11', '2023-11-14 13:51:11', 0, NULL),
(97, 43, '2023-11-14 14:29:30', '2023-11-14 14:29:30', 0, NULL),
(97, 52, '2023-11-14 14:42:43', '2023-11-14 14:42:43', 0, NULL),
(98, 34, '2023-11-13 15:34:35', '2023-11-13 15:34:35', 0, NULL),
(98, 39, '2023-11-14 13:51:11', '2023-11-14 13:51:11', 0, NULL),
(98, 43, '2023-11-14 14:29:30', '2023-11-14 14:29:30', 0, NULL),
(98, 52, '2023-11-14 14:42:43', '2023-11-14 14:42:43', 0, NULL),
(99, 34, '2023-11-13 15:34:35', '2023-11-13 15:34:35', 0, NULL),
(99, 39, '2023-11-14 13:51:11', '2023-11-14 13:51:11', 0, NULL),
(99, 43, '2023-11-14 14:29:30', '2023-11-14 14:29:30', 0, NULL),
(99, 52, '2023-11-14 14:42:43', '2023-11-14 14:42:43', 0, NULL),
(100, 34, '2023-11-13 15:34:35', '2023-11-13 15:34:35', 0, NULL),
(100, 39, '2023-11-14 13:51:11', '2023-11-14 13:51:11', 0, NULL),
(100, 43, '2023-11-14 14:29:30', '2023-11-14 14:29:30', 0, NULL),
(100, 52, '2023-11-14 14:42:43', '2023-11-14 14:42:43', 0, NULL),
(101, 34, '2023-11-13 15:34:35', '2023-11-13 15:34:35', 0, NULL),
(101, 39, '2023-11-14 13:51:11', '2023-11-14 13:51:11', 0, NULL),
(101, 43, '2023-11-14 14:29:30', '2023-11-14 14:29:30', 0, NULL),
(101, 52, '2023-11-14 14:42:43', '2023-11-14 14:42:43', 0, NULL),
(102, 34, '2023-11-13 15:34:35', '2023-11-13 15:34:35', 0, NULL),
(102, 39, '2023-11-14 13:51:11', '2023-11-14 13:51:11', 0, NULL),
(102, 43, '2023-11-14 14:29:30', '2023-11-14 14:29:30', 0, NULL),
(102, 52, '2023-11-14 14:42:43', '2023-11-14 14:42:43', 0, NULL),
(103, 34, '2023-11-13 15:34:35', '2023-11-13 15:34:35', 0, NULL),
(103, 39, '2023-11-14 13:51:11', '2023-11-14 13:51:11', 0, NULL),
(103, 43, '2023-11-14 14:29:30', '2023-11-14 14:29:30', 0, NULL),
(103, 52, '2023-11-14 14:42:43', '2023-11-14 14:42:43', 0, NULL);
INSERT INTO `ves` (`Ma_ghe`, `Ma_lich_chieu`, `updated_at`, `created_at`, `Ma_khach_hang`, `Trang_thai`) VALUES
(104, 34, '2023-11-13 15:34:35', '2023-11-13 15:34:35', 0, NULL),
(104, 39, '2023-11-14 13:51:11', '2023-11-14 13:51:11', 0, NULL),
(104, 43, '2023-11-14 14:29:30', '2023-11-14 14:29:30', 0, NULL),
(104, 52, '2023-11-14 14:42:43', '2023-11-14 14:42:43', 0, NULL),
(105, 34, '2023-11-13 15:34:35', '2023-11-13 15:34:35', 0, NULL),
(105, 39, '2023-11-14 13:51:11', '2023-11-14 13:51:11', 0, NULL),
(105, 43, '2023-11-14 14:29:30', '2023-11-14 14:29:30', 0, NULL),
(105, 52, '2023-11-14 14:42:43', '2023-11-14 14:42:43', 0, NULL),
(106, 34, '2023-11-13 15:34:35', '2023-11-13 15:34:35', 0, NULL),
(106, 39, '2023-11-14 13:51:11', '2023-11-14 13:51:11', 0, NULL),
(106, 43, '2023-11-14 14:29:30', '2023-11-14 14:29:30', 0, NULL),
(106, 52, '2023-11-14 14:42:43', '2023-11-14 14:42:43', 0, NULL),
(107, 34, '2023-11-13 15:34:35', '2023-11-13 15:34:35', 0, NULL),
(107, 39, '2023-11-14 13:51:11', '2023-11-14 13:51:11', 0, NULL),
(107, 43, '2023-11-14 14:29:30', '2023-11-14 14:29:30', 0, NULL),
(107, 52, '2023-11-14 14:42:43', '2023-11-14 14:42:43', 0, NULL),
(108, 34, '2023-11-13 15:34:35', '2023-11-13 15:34:35', 0, NULL),
(108, 39, '2023-11-14 13:51:11', '2023-11-14 13:51:11', 0, NULL),
(108, 43, '2023-11-14 14:29:30', '2023-11-14 14:29:30', 0, NULL),
(108, 52, '2023-11-14 14:42:43', '2023-11-14 14:42:43', 0, NULL),
(109, 34, '2023-11-13 15:34:35', '2023-11-13 15:34:35', 0, NULL),
(109, 39, '2023-11-14 13:51:11', '2023-11-14 13:51:11', 0, NULL),
(109, 43, '2023-11-14 14:29:30', '2023-11-14 14:29:30', 0, NULL),
(109, 52, '2023-11-14 14:42:43', '2023-11-14 14:42:43', 0, NULL),
(110, 34, '2023-11-13 15:34:35', '2023-11-13 15:34:35', 0, NULL),
(110, 39, '2023-11-14 13:51:11', '2023-11-14 13:51:11', 0, NULL),
(110, 43, '2023-11-14 14:29:30', '2023-11-14 14:29:30', 0, NULL),
(110, 52, '2023-11-14 14:42:43', '2023-11-14 14:42:43', 0, NULL),
(111, 34, '2023-11-13 15:34:35', '2023-11-13 15:34:35', 0, NULL),
(111, 39, '2023-11-14 13:51:11', '2023-11-14 13:51:11', 0, NULL),
(111, 43, '2023-11-14 14:29:30', '2023-11-14 14:29:30', 0, NULL),
(111, 52, '2023-11-14 14:42:43', '2023-11-14 14:42:43', 0, NULL),
(112, 34, '2023-11-13 15:34:35', '2023-11-13 15:34:35', 0, NULL),
(112, 39, '2023-11-14 13:51:11', '2023-11-14 13:51:11', 0, NULL),
(112, 43, '2023-11-14 14:29:30', '2023-11-14 14:29:30', 0, NULL),
(112, 52, '2023-11-14 14:42:43', '2023-11-14 14:42:43', 0, NULL),
(113, 34, '2023-11-13 15:34:35', '2023-11-13 15:34:35', 0, NULL),
(113, 39, '2023-11-14 13:51:11', '2023-11-14 13:51:11', 0, NULL),
(113, 43, '2023-11-14 14:29:30', '2023-11-14 14:29:30', 0, NULL),
(113, 52, '2023-11-14 14:42:43', '2023-11-14 14:42:43', 0, NULL),
(114, 34, '2023-11-13 15:34:35', '2023-11-13 15:34:35', 0, NULL),
(114, 39, '2023-11-14 13:51:11', '2023-11-14 13:51:11', 0, NULL),
(114, 43, '2023-11-14 14:29:30', '2023-11-14 14:29:30', 0, NULL),
(114, 52, '2023-11-14 14:42:43', '2023-11-14 14:42:43', 0, NULL),
(115, 34, '2023-11-13 15:34:35', '2023-11-13 15:34:35', 0, NULL),
(115, 39, '2023-11-14 13:51:11', '2023-11-14 13:51:11', 0, NULL),
(115, 43, '2023-11-14 14:29:30', '2023-11-14 14:29:30', 0, NULL),
(115, 52, '2023-11-14 14:42:43', '2023-11-14 14:42:43', 0, NULL),
(116, 34, '2023-11-13 15:34:35', '2023-11-13 15:34:35', 0, NULL),
(116, 39, '2023-11-14 13:51:11', '2023-11-14 13:51:11', 0, NULL),
(116, 43, '2023-11-14 14:29:30', '2023-11-14 14:29:30', 0, NULL),
(116, 52, '2023-11-14 14:42:43', '2023-11-14 14:42:43', 0, NULL),
(117, 34, '2023-11-13 15:34:35', '2023-11-13 15:34:35', 0, NULL),
(117, 39, '2023-11-14 13:51:11', '2023-11-14 13:51:11', 0, NULL),
(117, 43, '2023-11-14 14:29:30', '2023-11-14 14:29:30', 0, NULL),
(117, 52, '2023-11-14 14:42:43', '2023-11-14 14:42:43', 0, NULL),
(118, 34, '2023-11-13 15:34:35', '2023-11-13 15:34:35', 0, NULL),
(118, 39, '2023-11-14 13:51:11', '2023-11-14 13:51:11', 0, NULL),
(118, 43, '2023-11-14 14:29:30', '2023-11-14 14:29:30', 0, NULL),
(118, 52, '2023-11-14 14:42:43', '2023-11-14 14:42:43', 0, NULL),
(119, 34, '2023-11-13 15:34:35', '2023-11-13 15:34:35', 0, NULL),
(119, 39, '2023-11-14 13:51:11', '2023-11-14 13:51:11', 0, NULL),
(119, 43, '2023-11-14 14:29:30', '2023-11-14 14:29:30', 0, NULL),
(119, 52, '2023-11-14 14:42:43', '2023-11-14 14:42:43', 0, NULL),
(120, 34, '2023-11-13 15:34:35', '2023-11-13 15:34:35', 0, NULL),
(120, 39, '2023-11-14 13:51:11', '2023-11-14 13:51:11', 0, NULL),
(120, 43, '2023-11-14 14:29:30', '2023-11-14 14:29:30', 0, NULL),
(120, 52, '2023-11-14 14:42:43', '2023-11-14 14:42:43', 0, NULL),
(121, 34, '2023-11-13 15:34:35', '2023-11-13 15:34:35', 0, NULL),
(121, 39, '2023-11-14 13:51:11', '2023-11-14 13:51:11', 0, NULL),
(121, 43, '2023-11-14 14:29:30', '2023-11-14 14:29:30', 0, NULL),
(121, 52, '2023-11-14 14:42:43', '2023-11-14 14:42:43', 0, NULL),
(122, 34, '2023-11-13 15:34:35', '2023-11-13 15:34:35', 0, NULL),
(122, 39, '2023-11-14 13:51:11', '2023-11-14 13:51:11', 0, NULL),
(122, 43, '2023-11-14 14:29:30', '2023-11-14 14:29:30', 0, NULL),
(122, 52, '2023-11-14 14:42:43', '2023-11-14 14:42:43', 0, NULL),
(123, 34, '2023-11-13 15:34:35', '2023-11-13 15:34:35', 0, NULL),
(123, 39, '2023-11-14 13:51:11', '2023-11-14 13:51:11', 0, NULL),
(123, 43, '2023-11-14 14:29:30', '2023-11-14 14:29:30', 0, NULL),
(123, 52, '2023-11-14 14:42:43', '2023-11-14 14:42:43', 0, NULL),
(124, 34, '2023-11-13 15:34:35', '2023-11-13 15:34:35', 0, NULL),
(124, 39, '2023-11-14 13:51:11', '2023-11-14 13:51:11', 0, NULL),
(124, 43, '2023-11-14 14:29:30', '2023-11-14 14:29:30', 0, NULL),
(124, 52, '2023-11-14 14:42:43', '2023-11-14 14:42:43', 0, NULL),
(125, 34, '2023-11-13 15:34:35', '2023-11-13 15:34:35', 0, NULL),
(125, 39, '2023-11-14 13:51:11', '2023-11-14 13:51:11', 0, NULL),
(125, 43, '2023-11-14 14:29:30', '2023-11-14 14:29:30', 0, NULL),
(125, 52, '2023-11-14 14:42:43', '2023-11-14 14:42:43', 0, NULL),
(126, 34, '2023-11-13 15:34:35', '2023-11-13 15:34:35', 0, NULL),
(126, 39, '2023-11-14 13:51:11', '2023-11-14 13:51:11', 0, NULL),
(126, 43, '2023-11-14 14:29:30', '2023-11-14 14:29:30', 0, NULL),
(126, 52, '2023-11-14 14:42:43', '2023-11-14 14:42:43', 0, NULL),
(127, 34, '2023-11-13 15:34:35', '2023-11-13 15:34:35', 0, NULL),
(127, 39, '2023-11-14 13:51:11', '2023-11-14 13:51:11', 0, NULL),
(127, 43, '2023-11-14 14:29:30', '2023-11-14 14:29:30', 0, NULL),
(127, 52, '2023-11-14 14:42:43', '2023-11-14 14:42:43', 0, NULL),
(128, 34, '2023-11-13 15:34:35', '2023-11-13 15:34:35', 0, NULL),
(128, 39, '2023-11-14 13:51:11', '2023-11-14 13:51:11', 0, NULL),
(128, 43, '2023-11-14 14:29:30', '2023-11-14 14:29:30', 0, NULL),
(128, 52, '2023-11-14 14:42:43', '2023-11-14 14:42:43', 0, NULL),
(129, 34, '2023-11-13 15:34:35', '2023-11-13 15:34:35', 0, NULL),
(129, 39, '2023-11-14 13:51:11', '2023-11-14 13:51:11', 0, NULL),
(129, 43, '2023-11-14 14:29:30', '2023-11-14 14:29:30', 0, NULL),
(129, 52, '2023-11-14 14:42:43', '2023-11-14 14:42:43', 0, NULL),
(130, 34, '2023-11-13 15:34:35', '2023-11-13 15:34:35', 0, NULL),
(130, 39, '2023-11-14 13:51:11', '2023-11-14 13:51:11', 0, NULL),
(130, 43, '2023-11-14 14:29:30', '2023-11-14 14:29:30', 0, NULL),
(130, 52, '2023-11-14 14:42:43', '2023-11-14 14:42:43', 0, NULL),
(131, 34, '2023-11-13 15:34:35', '2023-11-13 15:34:35', 0, NULL),
(131, 39, '2023-11-14 13:51:11', '2023-11-14 13:51:11', 0, NULL),
(131, 43, '2023-11-14 14:29:30', '2023-11-14 14:29:30', 0, NULL),
(131, 52, '2023-11-14 14:42:43', '2023-11-14 14:42:43', 0, NULL),
(132, 34, '2023-11-13 15:34:35', '2023-11-13 15:34:35', 0, NULL),
(132, 39, '2023-11-14 13:51:11', '2023-11-14 13:51:11', 0, NULL),
(132, 43, '2023-11-14 14:29:30', '2023-11-14 14:29:30', 0, NULL),
(132, 52, '2023-11-14 14:42:43', '2023-11-14 14:42:43', 0, NULL),
(133, 34, '2023-11-13 15:34:35', '2023-11-13 15:34:35', 0, NULL),
(133, 39, '2023-11-14 13:51:11', '2023-11-14 13:51:11', 0, NULL),
(133, 43, '2023-11-14 14:29:30', '2023-11-14 14:29:30', 0, NULL),
(133, 52, '2023-11-14 14:42:43', '2023-11-14 14:42:43', 0, NULL),
(134, 34, '2023-11-13 15:34:35', '2023-11-13 15:34:35', 0, NULL),
(134, 39, '2023-11-14 13:51:11', '2023-11-14 13:51:11', 0, NULL),
(134, 43, '2023-11-14 14:29:30', '2023-11-14 14:29:30', 0, NULL),
(134, 52, '2023-11-14 14:42:43', '2023-11-14 14:42:43', 0, NULL),
(135, 34, '2023-11-13 15:34:35', '2023-11-13 15:34:35', 0, NULL),
(135, 39, '2023-11-14 13:51:11', '2023-11-14 13:51:11', 0, NULL),
(135, 43, '2023-11-14 14:29:30', '2023-11-14 14:29:30', 0, NULL),
(135, 52, '2023-11-14 14:42:43', '2023-11-14 14:42:43', 0, NULL),
(136, 34, '2023-11-13 15:34:35', '2023-11-13 15:34:35', 0, NULL),
(136, 39, '2023-11-14 13:51:11', '2023-11-14 13:51:11', 0, NULL),
(136, 43, '2023-11-14 14:29:30', '2023-11-14 14:29:30', 0, NULL),
(136, 52, '2023-11-14 14:42:43', '2023-11-14 14:42:43', 0, NULL),
(137, 34, '2023-11-13 15:34:35', '2023-11-13 15:34:35', 0, NULL),
(137, 39, '2023-11-14 13:51:11', '2023-11-14 13:51:11', 0, NULL),
(137, 43, '2023-11-14 14:29:30', '2023-11-14 14:29:30', 0, NULL),
(137, 52, '2023-11-14 14:42:43', '2023-11-14 14:42:43', 0, NULL),
(138, 34, '2023-11-13 15:34:35', '2023-11-13 15:34:35', 0, NULL),
(138, 39, '2023-11-14 13:51:11', '2023-11-14 13:51:11', 0, NULL),
(138, 43, '2023-11-14 14:29:30', '2023-11-14 14:29:30', 0, NULL),
(138, 52, '2023-11-14 14:42:43', '2023-11-14 14:42:43', 0, NULL),
(139, 34, '2023-11-13 15:34:35', '2023-11-13 15:34:35', 0, NULL),
(139, 39, '2023-11-14 13:51:11', '2023-11-14 13:51:11', 0, NULL),
(139, 43, '2023-11-14 14:29:30', '2023-11-14 14:29:30', 0, NULL),
(139, 52, '2023-11-14 14:42:43', '2023-11-14 14:42:43', 0, NULL),
(140, 34, '2023-11-13 15:34:35', '2023-11-13 15:34:35', 0, NULL),
(140, 39, '2023-11-14 13:51:11', '2023-11-14 13:51:11', 0, NULL),
(140, 43, '2023-11-14 14:29:30', '2023-11-14 14:29:30', 0, NULL),
(140, 52, '2023-11-14 14:42:43', '2023-11-14 14:42:43', 0, NULL),
(141, 34, '2023-11-13 15:34:35', '2023-11-13 15:34:35', 0, NULL),
(141, 39, '2023-11-14 13:51:11', '2023-11-14 13:51:11', 0, NULL),
(141, 43, '2023-11-14 14:29:30', '2023-11-14 14:29:30', 0, NULL),
(141, 52, '2023-11-14 14:42:43', '2023-11-14 14:42:43', 0, NULL),
(142, 34, '2023-11-13 15:34:35', '2023-11-13 15:34:35', 0, NULL),
(142, 39, '2023-11-14 13:51:11', '2023-11-14 13:51:11', 0, NULL),
(142, 43, '2023-11-14 14:29:30', '2023-11-14 14:29:30', 0, NULL),
(142, 52, '2023-11-14 14:42:43', '2023-11-14 14:42:43', 0, NULL),
(143, 34, '2023-11-13 15:34:35', '2023-11-13 15:34:35', 0, NULL),
(143, 39, '2023-11-14 13:51:11', '2023-11-14 13:51:11', 0, NULL),
(143, 43, '2023-11-14 14:29:30', '2023-11-14 14:29:30', 0, NULL),
(143, 52, '2023-11-14 14:42:43', '2023-11-14 14:42:43', 0, NULL),
(144, 34, '2023-11-13 15:34:35', '2023-11-13 15:34:35', 0, NULL),
(144, 39, '2023-11-14 13:51:11', '2023-11-14 13:51:11', 0, NULL),
(144, 43, '2023-11-14 14:29:30', '2023-11-14 14:29:30', 0, NULL),
(144, 52, '2023-11-14 14:42:43', '2023-11-14 14:42:43', 0, NULL),
(145, 34, '2023-11-13 15:34:35', '2023-11-13 15:34:35', 0, NULL),
(145, 39, '2023-11-14 13:51:11', '2023-11-14 13:51:11', 0, NULL),
(145, 43, '2023-11-14 14:29:30', '2023-11-14 14:29:30', 0, NULL),
(145, 52, '2023-11-14 14:42:43', '2023-11-14 14:42:43', 0, NULL),
(146, 34, '2023-11-13 15:34:35', '2023-11-13 15:34:35', 0, NULL),
(146, 39, '2023-11-14 13:51:11', '2023-11-14 13:51:11', 0, NULL),
(146, 43, '2023-11-14 14:29:30', '2023-11-14 14:29:30', 0, NULL),
(146, 52, '2023-11-14 14:42:43', '2023-11-14 14:42:43', 0, NULL),
(147, 34, '2023-11-13 15:34:35', '2023-11-13 15:34:35', 0, NULL),
(147, 39, '2023-11-14 13:51:11', '2023-11-14 13:51:11', 0, NULL),
(147, 43, '2023-11-14 14:29:30', '2023-11-14 14:29:30', 0, NULL),
(147, 52, '2023-11-14 14:42:43', '2023-11-14 14:42:43', 0, NULL),
(148, 34, '2023-11-13 15:34:35', '2023-11-13 15:34:35', 0, NULL),
(148, 39, '2023-11-14 13:51:11', '2023-11-14 13:51:11', 0, NULL),
(148, 43, '2023-11-14 14:29:30', '2023-11-14 14:29:30', 0, NULL),
(148, 52, '2023-11-14 14:42:43', '2023-11-14 14:42:43', 0, NULL),
(149, 34, '2023-11-13 15:34:35', '2023-11-13 15:34:35', 0, NULL),
(149, 39, '2023-11-14 13:51:11', '2023-11-14 13:51:11', 0, NULL),
(149, 43, '2023-11-14 14:29:30', '2023-11-14 14:29:30', 0, NULL),
(149, 52, '2023-11-14 14:42:43', '2023-11-14 14:42:43', 0, NULL),
(150, 18, '2023-10-26 08:05:09', '2023-10-26 08:05:09', 6, 2),
(150, 34, '2023-11-13 15:34:35', '2023-11-13 15:34:35', 0, NULL),
(150, 39, '2023-11-14 13:51:11', '2023-11-14 13:51:11', 0, NULL),
(150, 43, '2023-11-14 14:29:30', '2023-11-14 14:29:30', 0, NULL),
(150, 52, '2023-11-14 14:42:43', '2023-11-14 14:42:43', 0, NULL),
(151, 18, '2023-10-26 08:05:06', '2023-10-26 08:05:06', 6, 2),
(151, 34, '2023-11-13 15:34:35', '2023-11-13 15:34:35', 0, NULL),
(151, 39, '2023-11-14 13:51:11', '2023-11-14 13:51:11', 0, NULL),
(151, 43, '2023-11-14 14:29:30', '2023-11-14 14:29:30', 0, NULL),
(151, 52, '2023-11-14 14:42:43', '2023-11-14 14:42:43', 0, NULL),
(152, 18, '2023-10-26 08:05:13', '2023-10-26 08:05:13', 6, 2),
(152, 34, '2023-11-13 15:34:35', '2023-11-13 15:34:35', 0, NULL),
(152, 39, '2023-11-14 13:51:11', '2023-11-14 13:51:11', 0, NULL),
(152, 43, '2023-11-14 14:29:30', '2023-11-14 14:29:30', 0, NULL),
(152, 52, '2023-11-14 14:42:43', '2023-11-14 14:42:43', 0, NULL),
(153, 34, '2023-11-13 15:34:35', '2023-11-13 15:34:35', 0, NULL),
(153, 39, '2023-11-14 13:51:11', '2023-11-14 13:51:11', 0, NULL),
(153, 43, '2023-11-14 14:29:30', '2023-11-14 14:29:30', 0, NULL),
(153, 52, '2023-11-14 14:42:43', '2023-11-14 14:42:43', 0, NULL),
(154, 34, '2023-11-13 15:34:35', '2023-11-13 15:34:35', 0, NULL),
(154, 39, '2023-11-14 13:51:11', '2023-11-14 13:51:11', 0, NULL),
(154, 43, '2023-11-14 14:29:30', '2023-11-14 14:29:30', 0, NULL),
(154, 52, '2023-11-14 14:42:43', '2023-11-14 14:42:43', 0, NULL),
(155, 34, '2023-11-13 15:34:35', '2023-11-13 15:34:35', 0, NULL),
(155, 39, '2023-11-14 13:51:11', '2023-11-14 13:51:11', 0, NULL),
(155, 43, '2023-11-14 14:29:30', '2023-11-14 14:29:30', 0, NULL),
(155, 52, '2023-11-14 14:42:43', '2023-11-14 14:42:43', 0, NULL),
(156, 34, '2023-11-13 15:34:35', '2023-11-13 15:34:35', 0, NULL),
(156, 39, '2023-11-14 13:51:11', '2023-11-14 13:51:11', 0, NULL),
(156, 43, '2023-11-14 14:29:30', '2023-11-14 14:29:30', 0, NULL),
(156, 52, '2023-11-14 14:42:43', '2023-11-14 14:42:43', 0, NULL),
(157, 34, '2023-11-13 15:34:35', '2023-11-13 15:34:35', 0, NULL),
(157, 39, '2023-11-14 13:51:11', '2023-11-14 13:51:11', 0, NULL),
(157, 43, '2023-11-14 14:29:30', '2023-11-14 14:29:30', 0, NULL),
(157, 52, '2023-11-14 14:42:43', '2023-11-14 14:42:43', 0, NULL),
(158, 34, '2023-11-13 15:34:35', '2023-11-13 15:34:35', 0, NULL),
(158, 39, '2023-11-14 13:51:11', '2023-11-14 13:51:11', 0, NULL),
(158, 43, '2023-11-14 14:29:30', '2023-11-14 14:29:30', 0, NULL),
(158, 52, '2023-11-14 14:42:43', '2023-11-14 14:42:43', 0, NULL),
(159, 34, '2023-11-13 15:34:35', '2023-11-13 15:34:35', 0, NULL),
(159, 39, '2023-11-14 13:51:11', '2023-11-14 13:51:11', 0, NULL),
(159, 43, '2023-11-14 14:29:30', '2023-11-14 14:29:30', 0, NULL),
(159, 52, '2023-11-14 14:42:43', '2023-11-14 14:42:43', 0, NULL),
(160, 34, '2023-11-13 15:34:35', '2023-11-13 15:34:35', 0, NULL),
(160, 39, '2023-11-14 13:51:11', '2023-11-14 13:51:11', 0, NULL),
(160, 43, '2023-11-14 14:29:30', '2023-11-14 14:29:30', 0, NULL),
(160, 52, '2023-11-14 14:42:43', '2023-11-14 14:42:43', 0, NULL),
(161, 18, '2023-10-26 08:05:16', '2023-10-26 08:05:16', 6, 2),
(161, 34, '2023-11-13 15:34:35', '2023-11-13 15:34:35', 0, NULL),
(161, 39, '2023-11-14 13:51:11', '2023-11-14 13:51:11', 0, NULL),
(161, 43, '2023-11-14 14:29:30', '2023-11-14 14:29:30', 0, NULL),
(161, 52, '2023-11-14 14:42:43', '2023-11-14 14:42:43', 0, NULL),
(162, 34, '2023-11-13 15:34:35', '2023-11-13 15:34:35', 0, NULL),
(162, 39, '2023-11-14 13:51:11', '2023-11-14 13:51:11', 0, NULL),
(162, 43, '2023-11-14 14:29:30', '2023-11-14 14:29:30', 0, NULL),
(162, 52, '2023-11-14 14:42:43', '2023-11-14 14:42:43', 0, NULL),
(163, 34, '2023-11-13 15:34:35', '2023-11-13 15:34:35', 0, NULL),
(163, 39, '2023-11-14 13:51:11', '2023-11-14 13:51:11', 0, NULL),
(163, 43, '2023-11-14 14:29:30', '2023-11-14 14:29:30', 0, NULL),
(163, 52, '2023-11-14 14:42:43', '2023-11-14 14:42:43', 0, NULL),
(164, 34, '2023-11-13 15:34:35', '2023-11-13 15:34:35', 0, NULL),
(164, 39, '2023-11-14 13:51:11', '2023-11-14 13:51:11', 0, NULL),
(164, 43, '2023-11-14 14:29:30', '2023-11-14 14:29:30', 0, NULL),
(164, 52, '2023-11-14 14:42:43', '2023-11-14 14:42:43', 0, NULL),
(165, 34, '2023-11-13 15:34:35', '2023-11-13 15:34:35', 0, NULL),
(165, 39, '2023-11-14 13:51:11', '2023-11-14 13:51:11', 0, NULL),
(165, 43, '2023-11-14 14:29:30', '2023-11-14 14:29:30', 0, NULL),
(165, 52, '2023-11-14 14:42:43', '2023-11-14 14:42:43', 0, NULL),
(166, 34, '2023-11-13 15:34:35', '2023-11-13 15:34:35', 0, NULL),
(166, 39, '2023-11-14 13:51:11', '2023-11-14 13:51:11', 0, NULL),
(166, 43, '2023-11-14 14:29:30', '2023-11-14 14:29:30', 0, NULL),
(166, 52, '2023-11-14 14:42:43', '2023-11-14 14:42:43', 0, NULL),
(167, 34, '2023-11-13 15:34:35', '2023-11-13 15:34:35', 0, NULL),
(167, 39, '2023-11-14 13:51:11', '2023-11-14 13:51:11', 0, NULL),
(167, 43, '2023-11-14 14:29:30', '2023-11-14 14:29:30', 0, NULL),
(167, 52, '2023-11-14 14:42:43', '2023-11-14 14:42:43', 0, NULL),
(168, 34, '2023-11-13 15:34:35', '2023-11-13 15:34:35', 0, NULL),
(168, 39, '2023-11-14 13:51:11', '2023-11-14 13:51:11', 0, NULL),
(168, 43, '2023-11-14 14:29:30', '2023-11-14 14:29:30', 0, NULL),
(168, 52, '2023-11-14 14:42:43', '2023-11-14 14:42:43', 0, NULL),
(169, 34, '2023-11-13 15:34:35', '2023-11-13 15:34:35', 0, NULL),
(169, 39, '2023-11-14 13:51:11', '2023-11-14 13:51:11', 0, NULL),
(169, 43, '2023-11-14 14:29:30', '2023-11-14 14:29:30', 0, NULL),
(169, 52, '2023-11-14 14:42:43', '2023-11-14 14:42:43', 0, NULL),
(170, 34, '2023-11-13 15:34:35', '2023-11-13 15:34:35', 0, NULL),
(170, 39, '2023-11-14 13:51:11', '2023-11-14 13:51:11', 0, NULL),
(170, 43, '2023-11-14 14:29:30', '2023-11-14 14:29:30', 0, NULL),
(170, 52, '2023-11-14 14:42:43', '2023-11-14 14:42:43', 0, NULL),
(171, 34, '2023-11-13 15:34:35', '2023-11-13 15:34:35', 0, NULL),
(171, 39, '2023-11-14 13:51:11', '2023-11-14 13:51:11', 0, NULL),
(171, 43, '2023-11-14 14:29:30', '2023-11-14 14:29:30', 0, NULL),
(171, 52, '2023-11-14 14:42:43', '2023-11-14 14:42:43', 0, NULL),
(172, 34, '2023-11-13 15:34:35', '2023-11-13 15:34:35', 0, NULL),
(172, 39, '2023-11-14 13:51:11', '2023-11-14 13:51:11', 0, NULL),
(172, 43, '2023-11-14 14:29:30', '2023-11-14 14:29:30', 0, NULL),
(172, 52, '2023-11-14 14:42:43', '2023-11-14 14:42:43', 0, NULL),
(173, 34, '2023-11-13 15:34:35', '2023-11-13 15:34:35', 0, NULL),
(173, 39, '2023-11-14 13:51:11', '2023-11-14 13:51:11', 0, NULL),
(173, 43, '2023-11-14 14:29:30', '2023-11-14 14:29:30', 0, NULL),
(173, 52, '2023-11-14 14:42:43', '2023-11-14 14:42:43', 0, NULL),
(174, 34, '2023-11-13 15:34:35', '2023-11-13 15:34:35', 0, NULL),
(174, 39, '2023-11-14 13:51:11', '2023-11-14 13:51:11', 0, NULL),
(174, 43, '2023-11-14 14:29:30', '2023-11-14 14:29:30', 0, NULL),
(174, 52, '2023-11-14 14:42:43', '2023-11-14 14:42:43', 0, NULL),
(175, 34, '2023-11-13 15:34:35', '2023-11-13 15:34:35', 0, NULL),
(175, 39, '2023-11-14 13:51:11', '2023-11-14 13:51:11', 0, NULL),
(175, 43, '2023-11-14 14:29:30', '2023-11-14 14:29:30', 0, NULL),
(175, 52, '2023-11-14 14:42:43', '2023-11-14 14:42:43', 0, NULL),
(176, 34, '2023-11-13 15:34:35', '2023-11-13 15:34:35', 0, NULL),
(176, 39, '2023-11-14 13:51:11', '2023-11-14 13:51:11', 0, NULL),
(176, 43, '2023-11-14 14:29:30', '2023-11-14 14:29:30', 0, NULL),
(176, 52, '2023-11-14 14:42:43', '2023-11-14 14:42:43', 0, NULL),
(177, 34, '2023-11-13 15:34:35', '2023-11-13 15:34:35', 0, NULL),
(177, 39, '2023-11-14 13:51:11', '2023-11-14 13:51:11', 0, NULL),
(177, 43, '2023-11-14 14:29:30', '2023-11-14 14:29:30', 0, NULL),
(177, 52, '2023-11-14 14:42:43', '2023-11-14 14:42:43', 0, NULL),
(178, 34, '2023-11-13 15:34:35', '2023-11-13 15:34:35', 0, NULL),
(178, 39, '2023-11-14 13:51:11', '2023-11-14 13:51:11', 0, NULL),
(178, 43, '2023-11-14 14:29:30', '2023-11-14 14:29:30', 0, NULL),
(178, 52, '2023-11-14 14:42:43', '2023-11-14 14:42:43', 0, NULL),
(179, 34, '2023-11-13 15:34:35', '2023-11-13 15:34:35', 0, NULL),
(179, 39, '2023-11-14 13:51:11', '2023-11-14 13:51:11', 0, NULL),
(179, 43, '2023-11-14 14:29:30', '2023-11-14 14:29:30', 0, NULL),
(179, 52, '2023-11-14 14:42:43', '2023-11-14 14:42:43', 0, NULL),
(180, 34, '2023-11-13 15:34:35', '2023-11-13 15:34:35', 0, NULL),
(180, 39, '2023-11-14 13:51:11', '2023-11-14 13:51:11', 0, NULL),
(180, 43, '2023-11-14 14:29:30', '2023-11-14 14:29:30', 0, NULL),
(180, 52, '2023-11-14 14:42:43', '2023-11-14 14:42:43', 0, NULL),
(181, 34, '2023-11-13 15:34:35', '2023-11-13 15:34:35', 0, NULL),
(181, 39, '2023-11-14 13:51:11', '2023-11-14 13:51:11', 0, NULL),
(181, 43, '2023-11-14 14:29:30', '2023-11-14 14:29:30', 0, NULL),
(181, 52, '2023-11-14 14:42:43', '2023-11-14 14:42:43', 0, NULL),
(182, 34, '2023-11-13 15:34:35', '2023-11-13 15:34:35', 0, NULL),
(182, 39, '2023-11-14 13:51:11', '2023-11-14 13:51:11', 0, NULL),
(182, 43, '2023-11-14 14:29:30', '2023-11-14 14:29:30', 0, NULL),
(182, 52, '2023-11-14 14:42:43', '2023-11-14 14:42:43', 0, NULL),
(183, 34, '2023-11-13 15:34:35', '2023-11-13 15:34:35', 0, NULL),
(183, 39, '2023-11-14 13:51:11', '2023-11-14 13:51:11', 0, NULL),
(183, 43, '2023-11-14 14:29:30', '2023-11-14 14:29:30', 0, NULL),
(183, 52, '2023-11-14 14:42:43', '2023-11-14 14:42:43', 0, NULL),
(184, 34, '2023-11-13 15:34:35', '2023-11-13 15:34:35', 0, NULL),
(184, 39, '2023-11-14 13:51:11', '2023-11-14 13:51:11', 0, NULL),
(184, 43, '2023-11-14 14:29:30', '2023-11-14 14:29:30', 0, NULL),
(184, 52, '2023-11-14 14:42:43', '2023-11-14 14:42:43', 0, NULL),
(185, 34, '2023-11-13 15:34:35', '2023-11-13 15:34:35', 0, NULL),
(185, 39, '2023-11-14 13:51:11', '2023-11-14 13:51:11', 0, NULL),
(185, 43, '2023-11-14 14:29:30', '2023-11-14 14:29:30', 0, NULL),
(185, 52, '2023-11-14 14:42:43', '2023-11-14 14:42:43', 0, NULL),
(186, 34, '2023-11-13 15:34:35', '2023-11-13 15:34:35', 0, NULL),
(186, 39, '2023-11-14 13:51:11', '2023-11-14 13:51:11', 0, NULL),
(186, 43, '2023-11-14 14:29:30', '2023-11-14 14:29:30', 0, NULL),
(186, 52, '2023-11-14 14:42:43', '2023-11-14 14:42:43', 0, NULL),
(187, 34, '2023-11-13 15:34:35', '2023-11-13 15:34:35', 0, NULL),
(187, 39, '2023-11-14 13:51:11', '2023-11-14 13:51:11', 0, NULL),
(187, 43, '2023-11-14 14:29:30', '2023-11-14 14:29:30', 0, NULL),
(187, 52, '2023-11-14 14:42:43', '2023-11-14 14:42:43', 0, NULL),
(188, 34, '2023-11-13 15:34:35', '2023-11-13 15:34:35', 0, NULL),
(188, 39, '2023-11-14 13:51:11', '2023-11-14 13:51:11', 0, NULL),
(188, 43, '2023-11-14 14:29:30', '2023-11-14 14:29:30', 0, NULL),
(188, 52, '2023-11-14 14:42:43', '2023-11-14 14:42:43', 0, NULL),
(189, 34, '2023-11-13 15:34:35', '2023-11-13 15:34:35', 0, NULL),
(189, 39, '2023-11-14 13:51:11', '2023-11-14 13:51:11', 0, NULL),
(189, 43, '2023-11-14 14:29:30', '2023-11-14 14:29:30', 0, NULL),
(189, 52, '2023-11-14 14:42:43', '2023-11-14 14:42:43', 0, NULL),
(190, 17, '2023-10-19 09:20:24', '2023-10-19 09:20:24', 2, 2),
(190, 18, '2023-10-26 08:05:03', '2023-10-26 08:05:03', 6, 2),
(190, 34, '2023-11-13 15:34:35', '2023-11-13 15:34:35', 0, NULL),
(190, 39, '2023-11-14 13:51:11', '2023-11-14 13:51:11', 0, NULL),
(190, 43, '2023-11-14 14:29:30', '2023-11-14 14:29:30', 0, NULL),
(190, 52, '2023-11-14 14:42:43', '2023-11-14 14:42:43', 0, NULL),
(191, 27, '2023-11-02 06:55:58', '2023-11-02 06:55:58', 0, NULL),
(191, 29, '2023-11-06 06:13:43', '2023-11-06 06:13:43', 0, NULL),
(191, 35, '2023-11-13 15:35:21', '2023-11-13 15:35:21', 0, NULL),
(191, 36, '2023-11-14 13:43:23', '2023-11-14 13:43:23', 0, NULL),
(191, 42, '2023-11-14 14:28:47', '2023-11-14 14:28:47', 0, NULL),
(191, 45, '2023-11-14 14:34:33', '2023-11-14 14:34:33', 0, NULL),
(191, 46, '2023-11-14 14:37:04', '2023-11-14 14:37:04', 0, NULL),
(192, 27, '2023-11-02 06:55:58', '2023-11-02 06:55:58', 0, NULL),
(192, 29, '2023-11-06 06:13:43', '2023-11-06 06:13:43', 0, NULL),
(192, 35, '2023-11-13 15:35:21', '2023-11-13 15:35:21', 0, NULL),
(192, 36, '2023-11-14 13:43:23', '2023-11-14 13:43:23', 0, NULL),
(192, 42, '2023-11-14 14:28:47', '2023-11-14 14:28:47', 0, NULL),
(192, 45, '2023-11-14 14:34:33', '2023-11-14 14:34:33', 0, NULL),
(192, 46, '2023-11-14 14:37:04', '2023-11-14 14:37:04', 0, NULL),
(193, 27, '2023-11-02 06:55:58', '2023-11-02 06:55:58', 0, NULL),
(193, 29, '2023-11-06 06:13:43', '2023-11-06 06:13:43', 0, NULL),
(193, 35, '2023-11-13 15:35:21', '2023-11-13 15:35:21', 0, NULL),
(193, 36, '2023-11-14 13:43:23', '2023-11-14 13:43:23', 0, NULL),
(193, 42, '2023-11-14 14:28:47', '2023-11-14 14:28:47', 0, NULL),
(193, 45, '2023-11-14 14:34:33', '2023-11-14 14:34:33', 0, NULL),
(193, 46, '2023-11-14 14:37:04', '2023-11-14 14:37:04', 0, NULL),
(194, 27, '2023-11-02 06:55:58', '2023-11-02 06:55:58', 0, NULL),
(194, 29, '2023-11-06 06:13:43', '2023-11-06 06:13:43', 0, NULL),
(194, 35, '2023-11-13 15:35:21', '2023-11-13 15:35:21', 0, NULL),
(194, 36, '2023-11-14 13:43:23', '2023-11-14 13:43:23', 0, NULL),
(194, 42, '2023-11-14 14:28:47', '2023-11-14 14:28:47', 0, NULL),
(194, 45, '2023-11-14 14:34:33', '2023-11-14 14:34:33', 0, NULL),
(194, 46, '2023-11-14 14:37:04', '2023-11-14 14:37:04', 0, NULL),
(195, 27, '2023-11-02 06:55:58', '2023-11-02 06:55:58', 0, NULL),
(195, 29, '2023-11-06 06:13:43', '2023-11-06 06:13:43', 0, NULL),
(195, 35, '2023-11-13 15:35:21', '2023-11-13 15:35:21', 0, NULL),
(195, 36, '2023-11-14 13:43:23', '2023-11-14 13:43:23', 0, NULL),
(195, 42, '2023-11-14 14:28:47', '2023-11-14 14:28:47', 0, NULL),
(195, 45, '2023-11-14 14:34:33', '2023-11-14 14:34:33', 0, NULL),
(195, 46, '2023-11-14 14:37:04', '2023-11-14 14:37:04', 0, NULL),
(196, 27, '2023-11-02 06:55:58', '2023-11-02 06:55:58', 0, NULL),
(196, 29, '2023-11-06 06:13:43', '2023-11-06 06:13:43', 0, NULL),
(196, 35, '2023-11-13 15:35:21', '2023-11-13 15:35:21', 0, NULL),
(196, 36, '2023-11-14 13:43:23', '2023-11-14 13:43:23', 0, NULL),
(196, 42, '2023-11-14 14:28:47', '2023-11-14 14:28:47', 0, NULL),
(196, 45, '2023-11-14 14:34:33', '2023-11-14 14:34:33', 0, NULL),
(196, 46, '2023-11-14 14:37:04', '2023-11-14 14:37:04', 0, NULL),
(197, 27, '2023-11-02 06:55:58', '2023-11-02 06:55:58', 0, NULL),
(197, 29, '2023-11-06 06:13:43', '2023-11-06 06:13:43', 0, NULL),
(197, 35, '2023-11-13 15:35:21', '2023-11-13 15:35:21', 0, NULL),
(197, 36, '2023-11-14 13:43:23', '2023-11-14 13:43:23', 0, NULL),
(197, 42, '2023-11-14 14:28:47', '2023-11-14 14:28:47', 0, NULL),
(197, 45, '2023-11-14 14:34:33', '2023-11-14 14:34:33', 0, NULL),
(197, 46, '2023-11-14 14:37:04', '2023-11-14 14:37:04', 0, NULL),
(198, 27, '2023-11-02 06:55:58', '2023-11-02 06:55:58', 0, NULL),
(198, 29, '2023-11-06 06:13:43', '2023-11-06 06:13:43', 0, NULL),
(198, 35, '2023-11-13 15:35:21', '2023-11-13 15:35:21', 0, NULL),
(198, 36, '2023-11-14 13:43:23', '2023-11-14 13:43:23', 0, NULL),
(198, 42, '2023-11-14 14:28:47', '2023-11-14 14:28:47', 0, NULL),
(198, 45, '2023-11-14 14:34:33', '2023-11-14 14:34:33', 0, NULL),
(198, 46, '2023-11-14 14:37:04', '2023-11-14 14:37:04', 0, NULL),
(199, 20, '2023-10-26 08:18:55', '2023-10-26 08:18:55', 8, 2),
(199, 27, '2023-11-02 06:55:58', '2023-11-02 06:55:58', 0, NULL),
(199, 29, '2023-11-06 06:13:43', '2023-11-06 06:13:43', 0, NULL),
(199, 35, '2023-11-13 15:35:21', '2023-11-13 15:35:21', 0, NULL),
(199, 36, '2023-11-14 13:43:23', '2023-11-14 13:43:23', 0, NULL),
(199, 42, '2023-11-14 14:28:47', '2023-11-14 14:28:47', 0, NULL),
(199, 45, '2023-11-14 14:34:33', '2023-11-14 14:34:33', 0, NULL),
(199, 46, '2023-11-14 14:37:04', '2023-11-14 14:37:04', 0, NULL),
(200, 20, '2023-10-26 08:18:48', '2023-10-26 08:18:48', 8, 2),
(200, 27, '2023-11-02 06:55:58', '2023-11-02 06:55:58', 0, NULL),
(200, 29, '2023-11-06 06:13:43', '2023-11-06 06:13:43', 0, NULL),
(200, 35, '2023-11-13 15:35:21', '2023-11-13 15:35:21', 0, NULL),
(200, 36, '2023-11-14 13:43:23', '2023-11-14 13:43:23', 0, NULL),
(200, 42, '2023-11-14 14:28:47', '2023-11-14 14:28:47', 0, NULL),
(200, 45, '2023-11-14 14:34:33', '2023-11-14 14:34:33', 0, NULL),
(200, 46, '2023-11-14 14:37:04', '2023-11-14 14:37:04', 0, NULL),
(201, 27, '2023-11-02 06:55:58', '2023-11-02 06:55:58', 0, NULL),
(201, 29, '2023-11-06 06:13:43', '2023-11-06 06:13:43', 0, NULL),
(201, 35, '2023-11-13 15:35:21', '2023-11-13 15:35:21', 0, NULL),
(201, 36, '2023-11-14 13:43:23', '2023-11-14 13:43:23', 0, NULL),
(201, 42, '2023-11-14 14:28:47', '2023-11-14 14:28:47', 0, NULL),
(201, 45, '2023-11-14 14:34:33', '2023-11-14 14:34:33', 0, NULL),
(201, 46, '2023-11-14 14:37:04', '2023-11-14 14:37:04', 0, NULL),
(202, 27, '2023-11-02 06:55:58', '2023-11-02 06:55:58', 0, NULL),
(202, 29, '2023-11-06 06:13:43', '2023-11-06 06:13:43', 0, NULL),
(202, 35, '2023-11-13 15:35:21', '2023-11-13 15:35:21', 0, NULL),
(202, 36, '2023-11-14 13:43:23', '2023-11-14 13:43:23', 0, NULL),
(202, 42, '2023-11-14 14:28:47', '2023-11-14 14:28:47', 0, NULL),
(202, 45, '2023-11-14 14:34:33', '2023-11-14 14:34:33', 0, NULL),
(202, 46, '2023-11-14 14:37:04', '2023-11-14 14:37:04', 0, NULL),
(203, 27, '2023-11-02 06:55:58', '2023-11-02 06:55:58', 0, NULL),
(203, 29, '2023-11-06 06:13:43', '2023-11-06 06:13:43', 0, NULL),
(203, 35, '2023-11-13 15:35:21', '2023-11-13 15:35:21', 0, NULL),
(203, 36, '2023-11-14 13:43:23', '2023-11-14 13:43:23', 0, NULL),
(203, 42, '2023-11-14 14:28:47', '2023-11-14 14:28:47', 0, NULL),
(203, 45, '2023-11-14 14:34:33', '2023-11-14 14:34:33', 0, NULL),
(203, 46, '2023-11-14 14:37:04', '2023-11-14 14:37:04', 0, NULL),
(204, 27, '2023-11-02 06:55:58', '2023-11-02 06:55:58', 0, NULL),
(204, 29, '2023-11-06 06:13:43', '2023-11-06 06:13:43', 0, NULL),
(204, 35, '2023-11-13 15:35:21', '2023-11-13 15:35:21', 0, NULL),
(204, 36, '2023-11-14 13:43:23', '2023-11-14 13:43:23', 0, NULL),
(204, 42, '2023-11-14 14:28:47', '2023-11-14 14:28:47', 0, NULL),
(204, 45, '2023-11-14 14:34:33', '2023-11-14 14:34:33', 0, NULL),
(204, 46, '2023-11-14 14:37:04', '2023-11-14 14:37:04', 0, NULL),
(205, 27, '2023-11-02 06:55:58', '2023-11-02 06:55:58', 0, NULL),
(205, 29, '2023-11-06 06:13:43', '2023-11-06 06:13:43', 0, NULL),
(205, 35, '2023-11-13 15:35:21', '2023-11-13 15:35:21', 0, NULL),
(205, 36, '2023-11-14 13:43:23', '2023-11-14 13:43:23', 0, NULL),
(205, 42, '2023-11-14 14:28:47', '2023-11-14 14:28:47', 0, NULL),
(205, 45, '2023-11-14 14:34:33', '2023-11-14 14:34:33', 0, NULL),
(205, 46, '2023-11-14 14:37:04', '2023-11-14 14:37:04', 0, NULL),
(206, 27, '2023-11-02 06:55:58', '2023-11-02 06:55:58', 0, NULL),
(206, 29, '2023-11-06 06:13:43', '2023-11-06 06:13:43', 0, NULL),
(206, 35, '2023-11-13 15:35:21', '2023-11-13 15:35:21', 0, NULL),
(206, 36, '2023-11-14 13:43:23', '2023-11-14 13:43:23', 0, NULL),
(206, 42, '2023-11-14 14:28:47', '2023-11-14 14:28:47', 0, NULL),
(206, 45, '2023-11-14 14:34:33', '2023-11-14 14:34:33', 0, NULL),
(206, 46, '2023-11-14 14:37:04', '2023-11-14 14:37:04', 0, NULL),
(207, 27, '2023-11-02 06:55:58', '2023-11-02 06:55:58', 0, NULL),
(207, 29, '2023-11-06 06:13:43', '2023-11-06 06:13:43', 0, NULL),
(207, 35, '2023-11-13 15:35:21', '2023-11-13 15:35:21', 0, NULL),
(207, 36, '2023-11-14 13:43:23', '2023-11-14 13:43:23', 0, NULL),
(207, 42, '2023-11-14 14:28:47', '2023-11-14 14:28:47', 0, NULL),
(207, 45, '2023-11-14 14:34:33', '2023-11-14 14:34:33', 0, NULL),
(207, 46, '2023-11-14 14:37:04', '2023-11-14 14:37:04', 0, NULL),
(208, 27, '2023-11-02 06:55:58', '2023-11-02 06:55:58', 0, NULL),
(208, 29, '2023-11-06 06:13:43', '2023-11-06 06:13:43', 0, NULL),
(208, 35, '2023-11-13 15:35:21', '2023-11-13 15:35:21', 0, NULL),
(208, 36, '2023-11-14 13:43:23', '2023-11-14 13:43:23', 0, NULL),
(208, 42, '2023-11-14 14:28:47', '2023-11-14 14:28:47', 0, NULL),
(208, 45, '2023-11-14 14:34:33', '2023-11-14 14:34:33', 0, NULL),
(208, 46, '2023-11-14 14:37:04', '2023-11-14 14:37:04', 0, NULL),
(209, 27, '2023-11-02 06:55:58', '2023-11-02 06:55:58', 0, NULL),
(209, 29, '2023-11-06 06:13:43', '2023-11-06 06:13:43', 0, NULL),
(209, 35, '2023-11-13 15:35:21', '2023-11-13 15:35:21', 0, NULL),
(209, 36, '2023-11-14 13:43:23', '2023-11-14 13:43:23', 0, NULL),
(209, 42, '2023-11-14 14:28:47', '2023-11-14 14:28:47', 0, NULL),
(209, 45, '2023-11-14 14:34:33', '2023-11-14 14:34:33', 0, NULL),
(209, 46, '2023-11-14 14:37:04', '2023-11-14 14:37:04', 0, NULL),
(210, 27, '2023-11-02 06:55:58', '2023-11-02 06:55:58', 0, NULL),
(210, 29, '2023-11-06 06:13:43', '2023-11-06 06:13:43', 0, NULL),
(210, 35, '2023-11-13 15:35:21', '2023-11-13 15:35:21', 0, NULL),
(210, 36, '2023-11-14 13:43:23', '2023-11-14 13:43:23', 0, NULL),
(210, 42, '2023-11-14 14:28:47', '2023-11-14 14:28:47', 0, NULL),
(210, 45, '2023-11-14 14:34:33', '2023-11-14 14:34:33', 0, NULL),
(210, 46, '2023-11-14 14:37:04', '2023-11-14 14:37:04', 0, NULL),
(211, 27, '2023-11-02 06:55:58', '2023-11-02 06:55:58', 0, NULL),
(211, 29, '2023-11-06 06:13:43', '2023-11-06 06:13:43', 0, NULL),
(211, 35, '2023-11-13 15:35:21', '2023-11-13 15:35:21', 0, NULL),
(211, 36, '2023-11-14 13:43:23', '2023-11-14 13:43:23', 0, NULL),
(211, 42, '2023-11-14 14:28:47', '2023-11-14 14:28:47', 0, NULL),
(211, 45, '2023-11-14 14:34:33', '2023-11-14 14:34:33', 0, NULL),
(211, 46, '2023-11-14 14:37:04', '2023-11-14 14:37:04', 0, NULL),
(212, 27, '2023-11-02 06:55:58', '2023-11-02 06:55:58', 0, NULL),
(212, 29, '2023-11-06 06:13:43', '2023-11-06 06:13:43', 0, NULL),
(212, 35, '2023-11-13 15:35:21', '2023-11-13 15:35:21', 0, NULL),
(212, 36, '2023-11-14 13:43:23', '2023-11-14 13:43:23', 0, NULL),
(212, 42, '2023-11-14 14:28:47', '2023-11-14 14:28:47', 0, NULL),
(212, 45, '2023-11-14 14:34:33', '2023-11-14 14:34:33', 0, NULL),
(212, 46, '2023-11-14 14:37:04', '2023-11-14 14:37:04', 0, NULL),
(213, 27, '2023-11-02 06:55:58', '2023-11-02 06:55:58', 0, NULL),
(213, 29, '2023-11-06 06:13:43', '2023-11-06 06:13:43', 0, NULL),
(213, 35, '2023-11-13 15:35:21', '2023-11-13 15:35:21', 0, NULL),
(213, 36, '2023-11-14 13:43:23', '2023-11-14 13:43:23', 0, NULL),
(213, 42, '2023-11-14 14:28:47', '2023-11-14 14:28:47', 0, NULL),
(213, 45, '2023-11-14 14:34:33', '2023-11-14 14:34:33', 0, NULL),
(213, 46, '2023-11-14 14:37:04', '2023-11-14 14:37:04', 0, NULL),
(214, 27, '2023-11-02 06:55:58', '2023-11-02 06:55:58', 0, NULL),
(214, 29, '2023-11-06 06:13:43', '2023-11-06 06:13:43', 0, NULL),
(214, 35, '2023-11-13 15:35:21', '2023-11-13 15:35:21', 0, NULL),
(214, 36, '2023-11-14 13:43:23', '2023-11-14 13:43:23', 0, NULL),
(214, 42, '2023-11-14 14:28:47', '2023-11-14 14:28:47', 0, NULL),
(214, 45, '2023-11-14 14:34:33', '2023-11-14 14:34:33', 0, NULL),
(214, 46, '2023-11-14 14:37:04', '2023-11-14 14:37:04', 0, NULL),
(215, 27, '2023-11-02 06:55:58', '2023-11-02 06:55:58', 0, NULL),
(215, 29, '2023-11-06 06:13:43', '2023-11-06 06:13:43', 0, NULL),
(215, 35, '2023-11-13 15:35:21', '2023-11-13 15:35:21', 0, NULL),
(215, 36, '2023-11-14 15:07:33', '2023-11-14 13:43:23', 4, 2),
(215, 42, '2023-11-14 14:28:47', '2023-11-14 14:28:47', 0, NULL),
(215, 45, '2023-11-14 14:34:33', '2023-11-14 14:34:33', 0, NULL),
(215, 46, '2023-11-14 14:37:04', '2023-11-14 14:37:04', 0, NULL),
(216, 27, '2023-11-02 06:55:58', '2023-11-02 06:55:58', 0, NULL),
(216, 29, '2023-11-06 06:13:43', '2023-11-06 06:13:43', 0, NULL),
(216, 35, '2023-11-13 15:35:21', '2023-11-13 15:35:21', 0, NULL),
(216, 36, '2023-11-14 15:07:33', '2023-11-14 13:43:23', 4, 2),
(216, 42, '2023-11-14 14:28:47', '2023-11-14 14:28:47', 0, NULL),
(216, 45, '2023-11-14 14:34:33', '2023-11-14 14:34:33', 0, NULL),
(216, 46, '2023-11-14 14:37:04', '2023-11-14 14:37:04', 0, NULL),
(217, 27, '2023-11-02 06:55:58', '2023-11-02 06:55:58', 0, NULL),
(217, 29, '2023-11-06 06:13:43', '2023-11-06 06:13:43', 0, NULL),
(217, 35, '2023-11-13 15:35:21', '2023-11-13 15:35:21', 0, NULL),
(217, 36, '2023-11-14 13:43:23', '2023-11-14 13:43:23', 0, NULL),
(217, 42, '2023-11-14 14:28:47', '2023-11-14 14:28:47', 0, NULL),
(217, 45, '2023-11-14 14:34:33', '2023-11-14 14:34:33', 0, NULL),
(217, 46, '2023-11-14 14:37:04', '2023-11-14 14:37:04', 0, NULL),
(218, 27, '2023-11-02 06:55:58', '2023-11-02 06:55:58', 0, NULL),
(218, 29, '2023-11-06 06:13:43', '2023-11-06 06:13:43', 0, NULL),
(218, 35, '2023-11-13 15:35:21', '2023-11-13 15:35:21', 0, NULL),
(218, 36, '2023-11-14 13:43:23', '2023-11-14 13:43:23', 0, NULL),
(218, 42, '2023-11-14 14:28:47', '2023-11-14 14:28:47', 0, NULL),
(218, 45, '2023-11-14 14:34:33', '2023-11-14 14:34:33', 0, NULL),
(218, 46, '2023-11-14 14:37:04', '2023-11-14 14:37:04', 0, NULL),
(219, 27, '2023-11-02 06:55:58', '2023-11-02 06:55:58', 0, NULL),
(219, 29, '2023-11-06 06:13:43', '2023-11-06 06:13:43', 0, NULL),
(219, 35, '2023-11-13 15:35:21', '2023-11-13 15:35:21', 0, NULL),
(219, 36, '2023-11-14 13:43:23', '2023-11-14 13:43:23', 0, NULL),
(219, 42, '2023-11-14 14:28:47', '2023-11-14 14:28:47', 0, NULL),
(219, 45, '2023-11-14 14:34:33', '2023-11-14 14:34:33', 0, NULL),
(219, 46, '2023-11-14 14:37:04', '2023-11-14 14:37:04', 0, NULL),
(220, 27, '2023-11-02 06:55:58', '2023-11-02 06:55:58', 0, NULL),
(220, 29, '2023-11-06 06:13:43', '2023-11-06 06:13:43', 0, NULL),
(220, 35, '2023-11-13 15:35:21', '2023-11-13 15:35:21', 0, NULL),
(220, 36, '2023-11-14 13:43:23', '2023-11-14 13:43:23', 0, NULL),
(220, 42, '2023-11-14 14:28:47', '2023-11-14 14:28:47', 0, NULL),
(220, 45, '2023-11-14 14:34:33', '2023-11-14 14:34:33', 0, NULL),
(220, 46, '2023-11-14 14:37:04', '2023-11-14 14:37:04', 0, NULL),
(221, 27, '2023-11-02 06:55:58', '2023-11-02 06:55:58', 0, NULL),
(221, 29, '2023-11-06 06:13:43', '2023-11-06 06:13:43', 0, NULL),
(221, 35, '2023-11-13 15:35:21', '2023-11-13 15:35:21', 0, NULL),
(221, 36, '2023-11-14 13:43:23', '2023-11-14 13:43:23', 0, NULL),
(221, 42, '2023-11-14 14:28:47', '2023-11-14 14:28:47', 0, NULL),
(221, 45, '2023-11-14 14:34:33', '2023-11-14 14:34:33', 0, NULL),
(221, 46, '2023-11-14 14:37:04', '2023-11-14 14:37:04', 0, NULL),
(222, 27, '2023-11-02 06:55:58', '2023-11-02 06:55:58', 0, NULL),
(222, 29, '2023-11-06 06:13:43', '2023-11-06 06:13:43', 0, NULL),
(222, 35, '2023-11-13 15:35:21', '2023-11-13 15:35:21', 0, NULL),
(222, 36, '2023-11-14 13:43:23', '2023-11-14 13:43:23', 0, NULL),
(222, 42, '2023-11-14 14:28:47', '2023-11-14 14:28:47', 0, NULL),
(222, 45, '2023-11-14 14:34:33', '2023-11-14 14:34:33', 0, NULL),
(222, 46, '2023-11-14 14:37:04', '2023-11-14 14:37:04', 0, NULL),
(223, 27, '2023-11-02 06:55:58', '2023-11-02 06:55:58', 0, NULL),
(223, 29, '2023-11-06 06:13:43', '2023-11-06 06:13:43', 0, NULL),
(223, 35, '2023-11-13 15:35:21', '2023-11-13 15:35:21', 0, NULL),
(223, 36, '2023-11-14 13:43:23', '2023-11-14 13:43:23', 0, NULL),
(223, 42, '2023-11-14 14:28:47', '2023-11-14 14:28:47', 0, NULL),
(223, 45, '2023-11-14 14:34:33', '2023-11-14 14:34:33', 0, NULL),
(223, 46, '2023-11-14 14:37:04', '2023-11-14 14:37:04', 0, NULL),
(224, 27, '2023-11-02 06:55:58', '2023-11-02 06:55:58', 0, NULL),
(224, 29, '2023-11-06 06:13:43', '2023-11-06 06:13:43', 0, NULL),
(224, 35, '2023-11-13 15:35:21', '2023-11-13 15:35:21', 0, NULL),
(224, 36, '2023-11-14 13:43:23', '2023-11-14 13:43:23', 0, NULL),
(224, 42, '2023-11-14 14:28:47', '2023-11-14 14:28:47', 0, NULL),
(224, 45, '2023-11-14 14:34:33', '2023-11-14 14:34:33', 0, NULL),
(224, 46, '2023-11-14 14:37:04', '2023-11-14 14:37:04', 0, NULL),
(225, 27, '2023-11-02 06:55:58', '2023-11-02 06:55:58', 0, NULL),
(225, 29, '2023-11-06 06:13:43', '2023-11-06 06:13:43', 0, NULL),
(225, 35, '2023-11-13 15:35:21', '2023-11-13 15:35:21', 0, NULL),
(225, 36, '2023-11-14 13:43:23', '2023-11-14 13:43:23', 0, NULL),
(225, 42, '2023-11-14 14:28:47', '2023-11-14 14:28:47', 0, NULL),
(225, 45, '2023-11-14 14:34:33', '2023-11-14 14:34:33', 0, NULL),
(225, 46, '2023-11-14 14:37:04', '2023-11-14 14:37:04', 0, NULL),
(226, 27, '2023-11-02 06:55:58', '2023-11-02 06:55:58', 0, NULL),
(226, 29, '2023-11-06 06:13:43', '2023-11-06 06:13:43', 0, NULL),
(226, 35, '2023-11-13 15:35:21', '2023-11-13 15:35:21', 0, NULL),
(226, 36, '2023-11-14 13:43:23', '2023-11-14 13:43:23', 0, NULL),
(226, 42, '2023-11-14 14:28:47', '2023-11-14 14:28:47', 0, NULL),
(226, 45, '2023-11-14 14:34:33', '2023-11-14 14:34:33', 0, NULL),
(226, 46, '2023-11-14 14:37:04', '2023-11-14 14:37:04', 0, NULL),
(227, 27, '2023-11-02 06:57:06', '2023-11-02 06:55:58', 0, NULL),
(227, 29, '2023-11-06 08:14:55', '2023-11-06 06:13:43', 10, 2),
(227, 35, '2023-11-13 15:35:21', '2023-11-13 15:35:21', 0, NULL),
(227, 36, '2023-11-14 13:43:23', '2023-11-14 13:43:23', 0, NULL),
(227, 42, '2023-11-14 14:28:47', '2023-11-14 14:28:47', 0, NULL),
(227, 45, '2023-11-14 14:34:33', '2023-11-14 14:34:33', 0, NULL),
(227, 46, '2023-11-14 14:37:04', '2023-11-14 14:37:04', 0, NULL),
(228, 27, '2023-11-02 06:55:58', '2023-11-02 06:55:58', 0, NULL),
(228, 29, '2023-11-06 06:13:43', '2023-11-06 06:13:43', 0, NULL),
(228, 35, '2023-11-13 15:35:21', '2023-11-13 15:35:21', 0, NULL),
(228, 36, '2023-11-14 13:43:23', '2023-11-14 13:43:23', 0, NULL),
(228, 42, '2023-11-14 14:28:47', '2023-11-14 14:28:47', 0, NULL),
(228, 45, '2023-11-14 14:34:33', '2023-11-14 14:34:33', 0, NULL),
(228, 46, '2023-11-14 14:37:04', '2023-11-14 14:37:04', 0, NULL),
(229, 27, '2023-11-02 06:55:58', '2023-11-02 06:55:58', 0, NULL),
(229, 29, '2023-11-06 06:13:43', '2023-11-06 06:13:43', 0, NULL),
(229, 35, '2023-11-13 15:35:21', '2023-11-13 15:35:21', 0, NULL),
(229, 36, '2023-11-14 13:43:23', '2023-11-14 13:43:23', 0, NULL),
(229, 42, '2023-11-14 14:28:47', '2023-11-14 14:28:47', 0, NULL),
(229, 45, '2023-11-14 14:34:33', '2023-11-14 14:34:33', 0, NULL),
(229, 46, '2023-11-14 14:37:04', '2023-11-14 14:37:04', 0, NULL),
(230, 27, '2023-11-02 06:55:58', '2023-11-02 06:55:58', 0, NULL),
(230, 29, '2023-11-06 06:13:43', '2023-11-06 06:13:43', 0, NULL),
(230, 35, '2023-11-13 15:35:21', '2023-11-13 15:35:21', 0, NULL),
(230, 36, '2023-11-14 13:43:23', '2023-11-14 13:43:23', 0, NULL),
(230, 42, '2023-11-14 14:28:47', '2023-11-14 14:28:47', 0, NULL),
(230, 45, '2023-11-14 14:34:33', '2023-11-14 14:34:33', 0, NULL),
(230, 46, '2023-11-14 14:37:04', '2023-11-14 14:37:04', 0, NULL),
(231, 27, '2023-11-02 06:55:58', '2023-11-02 06:55:58', 0, NULL),
(231, 29, '2023-11-06 06:13:43', '2023-11-06 06:13:43', 0, NULL),
(231, 35, '2023-11-13 15:35:21', '2023-11-13 15:35:21', 0, NULL),
(231, 36, '2023-11-14 13:43:23', '2023-11-14 13:43:23', 0, NULL),
(231, 42, '2023-11-14 14:28:47', '2023-11-14 14:28:47', 0, NULL),
(231, 45, '2023-11-14 14:34:33', '2023-11-14 14:34:33', 0, NULL),
(231, 46, '2023-11-14 14:37:04', '2023-11-14 14:37:04', 0, NULL),
(232, 27, '2023-11-02 06:55:58', '2023-11-02 06:55:58', 0, NULL),
(232, 29, '2023-11-06 06:13:43', '2023-11-06 06:13:43', 0, NULL),
(232, 35, '2023-11-13 15:35:21', '2023-11-13 15:35:21', 0, NULL),
(232, 36, '2023-11-14 13:43:23', '2023-11-14 13:43:23', 0, NULL),
(232, 42, '2023-11-14 14:28:47', '2023-11-14 14:28:47', 0, NULL),
(232, 45, '2023-11-14 14:34:33', '2023-11-14 14:34:33', 0, NULL),
(232, 46, '2023-11-14 14:37:04', '2023-11-14 14:37:04', 0, NULL),
(233, 27, '2023-11-02 06:55:58', '2023-11-02 06:55:58', 0, NULL),
(233, 29, '2023-11-06 06:13:43', '2023-11-06 06:13:43', 0, NULL),
(233, 35, '2023-11-13 15:35:21', '2023-11-13 15:35:21', 0, NULL),
(233, 36, '2023-11-14 13:43:23', '2023-11-14 13:43:23', 0, NULL),
(233, 42, '2023-11-14 14:28:47', '2023-11-14 14:28:47', 0, NULL),
(233, 45, '2023-11-14 14:34:33', '2023-11-14 14:34:33', 0, NULL),
(233, 46, '2023-11-14 14:37:04', '2023-11-14 14:37:04', 0, NULL),
(234, 27, '2023-11-02 06:55:58', '2023-11-02 06:55:58', 0, NULL),
(234, 29, '2023-11-06 06:13:43', '2023-11-06 06:13:43', 0, NULL),
(234, 35, '2023-11-13 15:35:21', '2023-11-13 15:35:21', 0, NULL),
(234, 36, '2023-11-14 13:43:23', '2023-11-14 13:43:23', 0, NULL),
(234, 42, '2023-11-14 14:28:47', '2023-11-14 14:28:47', 0, NULL),
(234, 45, '2023-11-14 14:34:33', '2023-11-14 14:34:33', 0, NULL),
(234, 46, '2023-11-14 14:37:04', '2023-11-14 14:37:04', 0, NULL),
(235, 27, '2023-11-02 06:55:58', '2023-11-02 06:55:58', 0, NULL),
(235, 29, '2023-11-06 06:13:43', '2023-11-06 06:13:43', 0, NULL),
(235, 35, '2023-11-13 15:35:21', '2023-11-13 15:35:21', 0, NULL),
(235, 36, '2023-11-14 13:43:23', '2023-11-14 13:43:23', 0, NULL),
(235, 42, '2023-11-14 14:28:47', '2023-11-14 14:28:47', 0, NULL),
(235, 45, '2023-11-14 14:34:33', '2023-11-14 14:34:33', 0, NULL),
(235, 46, '2023-11-14 14:37:04', '2023-11-14 14:37:04', 0, NULL),
(236, 27, '2023-11-02 06:55:58', '2023-11-02 06:55:58', 0, NULL),
(236, 29, '2023-11-06 06:13:43', '2023-11-06 06:13:43', 0, NULL),
(236, 35, '2023-11-13 15:35:21', '2023-11-13 15:35:21', 0, NULL),
(236, 36, '2023-11-14 13:43:23', '2023-11-14 13:43:23', 0, NULL),
(236, 42, '2023-11-14 14:28:47', '2023-11-14 14:28:47', 0, NULL),
(236, 45, '2023-11-14 14:34:33', '2023-11-14 14:34:33', 0, NULL),
(236, 46, '2023-11-14 14:37:04', '2023-11-14 14:37:04', 0, NULL),
(237, 27, '2023-11-02 06:55:58', '2023-11-02 06:55:58', 0, NULL),
(237, 29, '2023-11-06 06:13:43', '2023-11-06 06:13:43', 0, NULL),
(237, 35, '2023-11-13 15:35:21', '2023-11-13 15:35:21', 0, NULL),
(237, 36, '2023-11-14 13:43:23', '2023-11-14 13:43:23', 0, NULL),
(237, 42, '2023-11-14 14:28:47', '2023-11-14 14:28:47', 0, NULL),
(237, 45, '2023-11-14 14:34:33', '2023-11-14 14:34:33', 0, NULL),
(237, 46, '2023-11-14 14:37:04', '2023-11-14 14:37:04', 0, NULL),
(238, 27, '2023-11-02 06:55:58', '2023-11-02 06:55:58', 0, NULL),
(238, 29, '2023-11-06 06:13:43', '2023-11-06 06:13:43', 0, NULL),
(238, 35, '2023-11-13 15:35:21', '2023-11-13 15:35:21', 0, NULL),
(238, 36, '2023-11-14 14:06:47', '2023-11-14 13:43:23', 2, 2),
(238, 42, '2023-11-14 14:28:47', '2023-11-14 14:28:47', 0, NULL),
(238, 45, '2023-11-14 14:34:33', '2023-11-14 14:34:33', 0, NULL),
(238, 46, '2023-11-14 14:37:04', '2023-11-14 14:37:04', 0, NULL),
(239, 27, '2023-11-02 06:55:58', '2023-11-02 06:55:58', 0, NULL),
(239, 29, '2023-11-06 06:13:43', '2023-11-06 06:13:43', 0, NULL),
(239, 35, '2023-11-13 15:35:21', '2023-11-13 15:35:21', 0, NULL),
(239, 36, '2023-11-14 13:43:23', '2023-11-14 13:43:23', 0, NULL),
(239, 42, '2023-11-14 14:28:47', '2023-11-14 14:28:47', 0, NULL),
(239, 45, '2023-11-14 14:34:33', '2023-11-14 14:34:33', 0, NULL),
(239, 46, '2023-11-14 14:37:04', '2023-11-14 14:37:04', 0, NULL),
(240, 27, '2023-11-02 06:55:58', '2023-11-02 06:55:58', 0, NULL),
(240, 29, '2023-11-06 06:13:43', '2023-11-06 06:13:43', 0, NULL),
(240, 35, '2023-11-13 15:35:21', '2023-11-13 15:35:21', 0, NULL),
(240, 36, '2023-11-14 13:43:23', '2023-11-14 13:43:23', 0, NULL),
(240, 42, '2023-11-14 14:28:47', '2023-11-14 14:28:47', 0, NULL),
(240, 45, '2023-11-14 14:34:33', '2023-11-14 14:34:33', 0, NULL),
(240, 46, '2023-11-14 14:37:04', '2023-11-14 14:37:04', 0, NULL),
(241, 27, '2023-11-02 06:55:58', '2023-11-02 06:55:58', 0, NULL),
(241, 29, '2023-11-06 06:13:43', '2023-11-06 06:13:43', 0, NULL),
(241, 35, '2023-11-13 15:35:21', '2023-11-13 15:35:21', 0, NULL),
(241, 36, '2023-11-14 13:43:23', '2023-11-14 13:43:23', 0, NULL),
(241, 42, '2023-11-14 14:28:47', '2023-11-14 14:28:47', 0, NULL),
(241, 45, '2023-11-14 14:34:33', '2023-11-14 14:34:33', 0, NULL),
(241, 46, '2023-11-14 14:37:04', '2023-11-14 14:37:04', 0, NULL),
(242, 27, '2023-11-02 06:55:58', '2023-11-02 06:55:58', 0, NULL),
(242, 29, '2023-11-06 06:13:43', '2023-11-06 06:13:43', 0, NULL),
(242, 35, '2023-11-13 15:35:21', '2023-11-13 15:35:21', 0, NULL),
(242, 36, '2023-11-14 13:43:23', '2023-11-14 13:43:23', 0, NULL),
(242, 42, '2023-11-14 14:28:47', '2023-11-14 14:28:47', 0, NULL),
(242, 45, '2023-11-14 14:34:33', '2023-11-14 14:34:33', 0, NULL),
(242, 46, '2023-11-14 14:37:04', '2023-11-14 14:37:04', 0, NULL),
(243, 27, '2023-11-02 06:55:58', '2023-11-02 06:55:58', 0, NULL),
(243, 29, '2023-11-06 06:13:43', '2023-11-06 06:13:43', 0, NULL),
(243, 35, '2023-11-13 15:35:21', '2023-11-13 15:35:21', 0, NULL),
(243, 36, '2023-11-14 13:43:23', '2023-11-14 13:43:23', 0, NULL),
(243, 42, '2023-11-14 14:28:47', '2023-11-14 14:28:47', 0, NULL),
(243, 45, '2023-11-14 14:34:33', '2023-11-14 14:34:33', 0, NULL),
(243, 46, '2023-11-14 14:37:04', '2023-11-14 14:37:04', 0, NULL),
(244, 27, '2023-11-02 06:55:58', '2023-11-02 06:55:58', 0, NULL),
(244, 29, '2023-11-06 08:14:55', '2023-11-06 06:13:43', 10, 2),
(244, 35, '2023-11-13 15:35:21', '2023-11-13 15:35:21', 0, NULL),
(244, 36, '2023-11-14 13:43:23', '2023-11-14 13:43:23', 0, NULL),
(244, 42, '2023-11-14 14:28:47', '2023-11-14 14:28:47', 0, NULL),
(244, 45, '2023-11-14 14:34:33', '2023-11-14 14:34:33', 0, NULL),
(244, 46, '2023-11-14 14:37:04', '2023-11-14 14:37:04', 0, NULL),
(245, 27, '2023-11-02 06:55:58', '2023-11-02 06:55:58', 0, NULL),
(245, 29, '2023-11-06 08:14:55', '2023-11-06 06:13:43', 10, 2),
(245, 35, '2023-11-13 15:35:21', '2023-11-13 15:35:21', 0, NULL),
(245, 36, '2023-11-14 13:43:23', '2023-11-14 13:43:23', 0, NULL),
(245, 42, '2023-11-14 14:28:47', '2023-11-14 14:28:47', 0, NULL),
(245, 45, '2023-11-14 14:34:33', '2023-11-14 14:34:33', 0, NULL),
(245, 46, '2023-11-14 14:37:04', '2023-11-14 14:37:04', 0, NULL),
(246, 27, '2023-11-02 06:55:58', '2023-11-02 06:55:58', 0, NULL),
(246, 29, '2023-11-06 08:14:55', '2023-11-06 06:13:43', 10, 2),
(246, 35, '2023-11-13 15:35:21', '2023-11-13 15:35:21', 0, NULL),
(246, 36, '2023-11-14 13:43:24', '2023-11-14 13:43:24', 0, NULL),
(246, 42, '2023-11-14 14:28:47', '2023-11-14 14:28:47', 0, NULL),
(246, 45, '2023-11-14 14:34:33', '2023-11-14 14:34:33', 0, NULL),
(246, 46, '2023-11-14 14:37:04', '2023-11-14 14:37:04', 0, NULL),
(247, 27, '2023-11-02 06:55:58', '2023-11-02 06:55:58', 0, NULL),
(247, 29, '2023-11-06 08:14:55', '2023-11-06 06:13:43', 10, 2),
(247, 35, '2023-11-13 15:35:21', '2023-11-13 15:35:21', 0, NULL),
(247, 36, '2023-11-14 13:43:24', '2023-11-14 13:43:24', 0, NULL),
(247, 42, '2023-11-14 14:28:47', '2023-11-14 14:28:47', 0, NULL),
(247, 45, '2023-11-14 14:34:33', '2023-11-14 14:34:33', 0, NULL),
(247, 46, '2023-11-14 14:37:04', '2023-11-14 14:37:04', 0, NULL),
(248, 20, '2023-10-26 08:06:14', '2023-10-26 08:06:14', 6, 2),
(248, 27, '2023-11-02 06:55:58', '2023-11-02 06:55:58', 0, NULL),
(248, 29, '2023-11-06 06:13:43', '2023-11-06 06:13:43', 0, NULL),
(248, 35, '2023-11-13 15:35:21', '2023-11-13 15:35:21', 0, NULL),
(248, 36, '2023-11-14 13:43:24', '2023-11-14 13:43:24', 0, NULL),
(248, 42, '2023-11-14 14:28:47', '2023-11-14 14:28:47', 0, NULL),
(248, 45, '2023-11-14 14:34:33', '2023-11-14 14:34:33', 0, NULL),
(248, 46, '2023-11-14 14:37:04', '2023-11-14 14:37:04', 0, NULL),
(249, 27, '2023-11-02 06:55:58', '2023-11-02 06:55:58', 0, NULL),
(249, 29, '2023-11-06 06:13:43', '2023-11-06 06:13:43', 0, NULL),
(249, 35, '2023-11-13 15:35:21', '2023-11-13 15:35:21', 0, NULL),
(249, 36, '2023-11-14 13:43:24', '2023-11-14 13:43:24', 0, NULL),
(249, 42, '2023-11-14 14:28:47', '2023-11-14 14:28:47', 0, NULL),
(249, 45, '2023-11-14 14:34:33', '2023-11-14 14:34:33', 0, NULL),
(249, 46, '2023-11-14 14:37:04', '2023-11-14 14:37:04', 0, NULL),
(250, 27, '2023-11-02 06:55:58', '2023-11-02 06:55:58', 0, NULL),
(250, 29, '2023-11-06 06:13:43', '2023-11-06 06:13:43', 0, NULL),
(250, 35, '2023-11-13 15:35:21', '2023-11-13 15:35:21', 0, NULL),
(250, 36, '2023-11-14 13:43:24', '2023-11-14 13:43:24', 0, NULL),
(250, 42, '2023-11-14 14:28:47', '2023-11-14 14:28:47', 0, NULL),
(250, 45, '2023-11-14 14:34:33', '2023-11-14 14:34:33', 0, NULL),
(250, 46, '2023-11-14 14:37:04', '2023-11-14 14:37:04', 0, NULL),
(251, 27, '2023-11-02 06:55:58', '2023-11-02 06:55:58', 0, NULL),
(251, 29, '2023-11-06 06:13:43', '2023-11-06 06:13:43', 0, NULL),
(251, 35, '2023-11-13 15:35:21', '2023-11-13 15:35:21', 0, NULL);
INSERT INTO `ves` (`Ma_ghe`, `Ma_lich_chieu`, `updated_at`, `created_at`, `Ma_khach_hang`, `Trang_thai`) VALUES
(251, 36, '2023-11-14 13:43:24', '2023-11-14 13:43:24', 0, NULL),
(251, 42, '2023-11-14 14:28:47', '2023-11-14 14:28:47', 0, NULL),
(251, 45, '2023-11-14 14:34:33', '2023-11-14 14:34:33', 0, NULL),
(251, 46, '2023-11-14 14:37:04', '2023-11-14 14:37:04', 0, NULL),
(252, 27, '2023-11-02 06:55:58', '2023-11-02 06:55:58', 0, NULL),
(252, 29, '2023-11-06 06:13:43', '2023-11-06 06:13:43', 0, NULL),
(252, 35, '2023-11-13 15:35:21', '2023-11-13 15:35:21', 0, NULL),
(252, 36, '2023-11-14 13:43:24', '2023-11-14 13:43:24', 0, NULL),
(252, 42, '2023-11-14 14:28:47', '2023-11-14 14:28:47', 0, NULL),
(252, 45, '2023-11-14 14:34:33', '2023-11-14 14:34:33', 0, NULL),
(252, 46, '2023-11-14 14:37:04', '2023-11-14 14:37:04', 0, NULL),
(253, 27, '2023-11-02 06:55:58', '2023-11-02 06:55:58', 0, NULL),
(253, 29, '2023-11-06 06:13:43', '2023-11-06 06:13:43', 0, NULL),
(253, 35, '2023-11-13 15:35:21', '2023-11-13 15:35:21', 0, NULL),
(253, 36, '2023-11-14 13:43:24', '2023-11-14 13:43:24', 0, NULL),
(253, 42, '2023-11-14 14:28:47', '2023-11-14 14:28:47', 0, NULL),
(253, 45, '2023-11-14 14:34:33', '2023-11-14 14:34:33', 0, NULL),
(253, 46, '2023-11-14 14:37:04', '2023-11-14 14:37:04', 0, NULL),
(254, 27, '2023-11-02 06:55:58', '2023-11-02 06:55:58', 0, NULL),
(254, 29, '2023-11-06 06:13:43', '2023-11-06 06:13:43', 0, NULL),
(254, 35, '2023-11-13 15:35:21', '2023-11-13 15:35:21', 0, NULL),
(254, 36, '2023-11-14 13:43:24', '2023-11-14 13:43:24', 0, NULL),
(254, 42, '2023-11-14 14:28:47', '2023-11-14 14:28:47', 0, NULL),
(254, 45, '2023-11-14 14:34:33', '2023-11-14 14:34:33', 0, NULL),
(254, 46, '2023-11-14 14:37:04', '2023-11-14 14:37:04', 0, NULL),
(255, 27, '2023-11-02 06:55:58', '2023-11-02 06:55:58', 0, NULL),
(255, 29, '2023-11-06 08:14:55', '2023-11-06 06:13:43', 10, 2),
(255, 35, '2023-11-13 15:35:21', '2023-11-13 15:35:21', 0, NULL),
(255, 36, '2023-11-14 15:03:01', '2023-11-14 13:43:24', 8, 2),
(255, 42, '2023-11-14 14:28:47', '2023-11-14 14:28:47', 0, NULL),
(255, 45, '2023-11-14 14:34:33', '2023-11-14 14:34:33', 0, NULL),
(255, 46, '2023-11-14 14:37:04', '2023-11-14 14:37:04', 0, NULL),
(256, 20, '2023-10-26 08:06:11', '2023-10-26 08:06:11', 6, 2),
(256, 27, '2023-11-02 06:55:58', '2023-11-02 06:55:58', 0, NULL),
(256, 29, '2023-11-06 08:14:55', '2023-11-06 06:13:43', 10, 2),
(256, 35, '2023-11-13 15:35:21', '2023-11-13 15:35:21', 0, NULL),
(256, 36, '2023-11-14 15:03:01', '2023-11-14 13:43:24', 8, 2),
(256, 42, '2023-11-14 14:28:47', '2023-11-14 14:28:47', 0, NULL),
(256, 45, '2023-11-14 14:34:33', '2023-11-14 14:34:33', 0, NULL),
(256, 46, '2023-11-14 14:37:04', '2023-11-14 14:37:04', 0, NULL),
(257, 27, '2023-11-02 06:55:58', '2023-11-02 06:55:58', 0, NULL),
(257, 29, '2023-11-06 06:13:43', '2023-11-06 06:13:43', 0, NULL),
(257, 35, '2023-11-13 15:35:21', '2023-11-13 15:35:21', 0, NULL),
(257, 36, '2023-11-14 13:43:24', '2023-11-14 13:43:24', 0, NULL),
(257, 42, '2023-11-14 14:28:47', '2023-11-14 14:28:47', 0, NULL),
(257, 45, '2023-11-14 14:34:33', '2023-11-14 14:34:33', 0, NULL),
(257, 46, '2023-11-14 14:37:04', '2023-11-14 14:37:04', 0, NULL),
(258, 27, '2023-11-02 06:55:58', '2023-11-02 06:55:58', 0, NULL),
(258, 29, '2023-11-06 06:13:43', '2023-11-06 06:13:43', 0, NULL),
(258, 35, '2023-11-13 15:35:21', '2023-11-13 15:35:21', 0, NULL),
(258, 36, '2023-11-14 13:43:24', '2023-11-14 13:43:24', 0, NULL),
(258, 42, '2023-11-14 14:28:47', '2023-11-14 14:28:47', 0, NULL),
(258, 45, '2023-11-14 14:34:33', '2023-11-14 14:34:33', 0, NULL),
(258, 46, '2023-11-14 14:37:04', '2023-11-14 14:37:04', 0, NULL),
(259, 27, '2023-11-02 06:55:58', '2023-11-02 06:55:58', 0, NULL),
(259, 29, '2023-11-06 06:13:43', '2023-11-06 06:13:43', 0, NULL),
(259, 35, '2023-11-13 15:35:21', '2023-11-13 15:35:21', 0, NULL),
(259, 36, '2023-11-14 13:43:24', '2023-11-14 13:43:24', 0, NULL),
(259, 42, '2023-11-14 14:28:47', '2023-11-14 14:28:47', 0, NULL),
(259, 45, '2023-11-14 14:34:33', '2023-11-14 14:34:33', 0, NULL),
(259, 46, '2023-11-14 14:37:04', '2023-11-14 14:37:04', 0, NULL),
(260, 27, '2023-11-02 06:55:58', '2023-11-02 06:55:58', 0, NULL),
(260, 29, '2023-11-06 06:13:43', '2023-11-06 06:13:43', 0, NULL),
(260, 35, '2023-11-13 15:35:21', '2023-11-13 15:35:21', 0, NULL),
(260, 36, '2023-11-14 13:43:24', '2023-11-14 13:43:24', 0, NULL),
(260, 42, '2023-11-14 14:28:47', '2023-11-14 14:28:47', 0, NULL),
(260, 45, '2023-11-14 14:34:33', '2023-11-14 14:34:33', 0, NULL),
(260, 46, '2023-11-14 14:37:04', '2023-11-14 14:37:04', 0, NULL),
(261, 27, '2023-11-02 06:55:58', '2023-11-02 06:55:58', 0, NULL),
(261, 29, '2023-11-06 06:13:43', '2023-11-06 06:13:43', 0, NULL),
(261, 35, '2023-11-13 15:35:21', '2023-11-13 15:35:21', 0, NULL),
(261, 36, '2023-11-14 13:43:24', '2023-11-14 13:43:24', 0, NULL),
(261, 42, '2023-11-14 14:28:47', '2023-11-14 14:28:47', 0, NULL),
(261, 45, '2023-11-14 14:34:33', '2023-11-14 14:34:33', 0, NULL),
(261, 46, '2023-11-14 14:37:04', '2023-11-14 14:37:04', 0, NULL),
(262, 27, '2023-11-02 06:55:58', '2023-11-02 06:55:58', 0, NULL),
(262, 29, '2023-11-06 06:13:43', '2023-11-06 06:13:43', 0, NULL),
(262, 35, '2023-11-13 15:35:21', '2023-11-13 15:35:21', 0, NULL),
(262, 36, '2023-11-14 13:43:24', '2023-11-14 13:43:24', 0, NULL),
(262, 42, '2023-11-14 14:28:47', '2023-11-14 14:28:47', 0, NULL),
(262, 45, '2023-11-14 14:34:33', '2023-11-14 14:34:33', 0, NULL),
(262, 46, '2023-11-14 14:37:04', '2023-11-14 14:37:04', 0, NULL),
(263, 27, '2023-11-02 06:55:58', '2023-11-02 06:55:58', 0, NULL),
(263, 29, '2023-11-06 06:13:43', '2023-11-06 06:13:43', 0, NULL),
(263, 35, '2023-11-13 15:35:21', '2023-11-13 15:35:21', 0, NULL),
(263, 36, '2023-11-14 13:43:24', '2023-11-14 13:43:24', 0, NULL),
(263, 42, '2023-11-14 14:28:47', '2023-11-14 14:28:47', 0, NULL),
(263, 45, '2023-11-14 14:34:33', '2023-11-14 14:34:33', 0, NULL),
(263, 46, '2023-11-14 14:37:04', '2023-11-14 14:37:04', 0, NULL),
(264, 27, '2023-11-02 06:55:58', '2023-11-02 06:55:58', 0, NULL),
(264, 29, '2023-11-06 06:13:43', '2023-11-06 06:13:43', 0, NULL),
(264, 35, '2023-11-13 15:35:21', '2023-11-13 15:35:21', 0, NULL),
(264, 36, '2023-11-14 13:43:24', '2023-11-14 13:43:24', 0, NULL),
(264, 42, '2023-11-14 14:28:47', '2023-11-14 14:28:47', 0, NULL),
(264, 45, '2023-11-14 14:34:33', '2023-11-14 14:34:33', 0, NULL),
(264, 46, '2023-11-14 14:37:04', '2023-11-14 14:37:04', 0, NULL),
(265, 27, '2023-11-02 06:55:58', '2023-11-02 06:55:58', 0, NULL),
(265, 29, '2023-11-06 06:13:43', '2023-11-06 06:13:43', 0, NULL),
(265, 35, '2023-11-13 15:35:21', '2023-11-13 15:35:21', 0, NULL),
(265, 36, '2023-11-14 13:43:24', '2023-11-14 13:43:24', 0, NULL),
(265, 42, '2023-11-14 14:28:47', '2023-11-14 14:28:47', 0, NULL),
(265, 45, '2023-11-14 14:34:33', '2023-11-14 14:34:33', 0, NULL),
(265, 46, '2023-11-14 14:37:04', '2023-11-14 14:37:04', 0, NULL),
(266, 27, '2023-11-02 06:55:58', '2023-11-02 06:55:58', 0, NULL),
(266, 29, '2023-11-06 06:13:43', '2023-11-06 06:13:43', 0, NULL),
(266, 35, '2023-11-13 15:35:21', '2023-11-13 15:35:21', 0, NULL),
(266, 36, '2023-11-14 13:43:24', '2023-11-14 13:43:24', 0, NULL),
(266, 42, '2023-11-14 14:28:47', '2023-11-14 14:28:47', 0, NULL),
(266, 45, '2023-11-14 14:34:33', '2023-11-14 14:34:33', 0, NULL),
(266, 46, '2023-11-14 14:37:04', '2023-11-14 14:37:04', 0, NULL),
(267, 27, '2023-11-02 06:55:58', '2023-11-02 06:55:58', 0, NULL),
(267, 29, '2023-11-06 06:13:43', '2023-11-06 06:13:43', 0, NULL),
(267, 35, '2023-11-13 15:35:21', '2023-11-13 15:35:21', 0, NULL),
(267, 36, '2023-11-14 13:43:24', '2023-11-14 13:43:24', 0, NULL),
(267, 42, '2023-11-14 14:28:47', '2023-11-14 14:28:47', 0, NULL),
(267, 45, '2023-11-14 14:34:33', '2023-11-14 14:34:33', 0, NULL),
(267, 46, '2023-11-14 14:37:04', '2023-11-14 14:37:04', 0, NULL),
(268, 27, '2023-11-02 06:55:58', '2023-11-02 06:55:58', 0, NULL),
(268, 29, '2023-11-06 06:14:38', '2023-11-06 06:13:43', 2, 2),
(268, 35, '2023-11-13 15:35:21', '2023-11-13 15:35:21', 0, NULL),
(268, 36, '2023-11-14 13:43:24', '2023-11-14 13:43:24', 0, NULL),
(268, 42, '2023-11-14 14:28:47', '2023-11-14 14:28:47', 0, NULL),
(268, 45, '2023-11-14 14:34:33', '2023-11-14 14:34:33', 0, NULL),
(268, 46, '2023-11-14 14:37:04', '2023-11-14 14:37:04', 0, NULL),
(269, 20, '2023-10-26 08:18:43', '2023-10-26 08:18:43', 8, 2),
(269, 27, '2023-11-02 06:55:58', '2023-11-02 06:55:58', 0, NULL),
(269, 29, '2023-11-06 06:13:43', '2023-11-06 06:13:43', 0, NULL),
(269, 35, '2023-11-13 15:35:21', '2023-11-13 15:35:21', 0, NULL),
(269, 36, '2023-11-14 13:43:24', '2023-11-14 13:43:24', 0, NULL),
(269, 42, '2023-11-14 14:28:47', '2023-11-14 14:28:47', 0, NULL),
(269, 45, '2023-11-14 14:34:33', '2023-11-14 14:34:33', 0, NULL),
(269, 46, '2023-11-14 14:37:04', '2023-11-14 14:37:04', 0, NULL),
(270, 27, '2023-11-02 06:55:58', '2023-11-02 06:55:58', 0, NULL),
(270, 29, '2023-11-06 06:13:43', '2023-11-06 06:13:43', 0, NULL),
(270, 35, '2023-11-13 15:35:21', '2023-11-13 15:35:21', 0, NULL),
(270, 36, '2023-11-14 13:43:24', '2023-11-14 13:43:24', 0, NULL),
(270, 42, '2023-11-14 14:28:47', '2023-11-14 14:28:47', 0, NULL),
(270, 45, '2023-11-14 14:34:33', '2023-11-14 14:34:33', 0, NULL),
(270, 46, '2023-11-14 14:37:04', '2023-11-14 14:37:04', 0, NULL),
(271, 27, '2023-11-02 06:55:58', '2023-11-02 06:55:58', 0, NULL),
(271, 29, '2023-11-06 06:13:43', '2023-11-06 06:13:43', 0, NULL),
(271, 35, '2023-11-13 15:35:21', '2023-11-13 15:35:21', 0, NULL),
(271, 36, '2023-11-14 13:43:24', '2023-11-14 13:43:24', 0, NULL),
(271, 42, '2023-11-14 14:28:47', '2023-11-14 14:28:47', 0, NULL),
(271, 45, '2023-11-14 14:34:33', '2023-11-14 14:34:33', 0, NULL),
(271, 46, '2023-11-14 14:37:04', '2023-11-14 14:37:04', 0, NULL),
(272, 27, '2023-11-02 06:55:58', '2023-11-02 06:55:58', 0, NULL),
(272, 29, '2023-11-06 06:13:43', '2023-11-06 06:13:43', 0, NULL),
(272, 35, '2023-11-13 15:35:21', '2023-11-13 15:35:21', 0, NULL),
(272, 36, '2023-11-14 13:43:24', '2023-11-14 13:43:24', 0, NULL),
(272, 42, '2023-11-14 14:28:47', '2023-11-14 14:28:47', 0, NULL),
(272, 45, '2023-11-14 14:34:33', '2023-11-14 14:34:33', 0, NULL),
(272, 46, '2023-11-14 14:37:04', '2023-11-14 14:37:04', 0, NULL),
(273, 27, '2023-11-02 06:55:58', '2023-11-02 06:55:58', 0, NULL),
(273, 29, '2023-11-06 06:13:43', '2023-11-06 06:13:43', 0, NULL),
(273, 35, '2023-11-13 15:35:21', '2023-11-13 15:35:21', 0, NULL),
(273, 36, '2023-11-14 13:43:24', '2023-11-14 13:43:24', 0, NULL),
(273, 42, '2023-11-14 14:28:47', '2023-11-14 14:28:47', 0, NULL),
(273, 45, '2023-11-14 14:34:33', '2023-11-14 14:34:33', 0, NULL),
(273, 46, '2023-11-14 14:37:04', '2023-11-14 14:37:04', 0, NULL),
(274, 27, '2023-11-02 06:55:58', '2023-11-02 06:55:58', 0, NULL),
(274, 29, '2023-11-06 06:13:43', '2023-11-06 06:13:43', 0, NULL),
(274, 35, '2023-11-13 15:35:21', '2023-11-13 15:35:21', 0, NULL),
(274, 36, '2023-11-14 13:43:24', '2023-11-14 13:43:24', 0, NULL),
(274, 42, '2023-11-14 14:28:47', '2023-11-14 14:28:47', 0, NULL),
(274, 45, '2023-11-14 14:34:33', '2023-11-14 14:34:33', 0, NULL),
(274, 46, '2023-11-14 14:37:04', '2023-11-14 14:37:04', 0, NULL),
(275, 27, '2023-11-02 06:55:58', '2023-11-02 06:55:58', 0, NULL),
(275, 29, '2023-11-06 06:13:43', '2023-11-06 06:13:43', 0, NULL),
(275, 35, '2023-11-13 15:35:21', '2023-11-13 15:35:21', 0, NULL),
(275, 36, '2023-11-14 13:43:24', '2023-11-14 13:43:24', 0, NULL),
(275, 42, '2023-11-14 14:28:47', '2023-11-14 14:28:47', 0, NULL),
(275, 45, '2023-11-14 14:34:33', '2023-11-14 14:34:33', 0, NULL),
(275, 46, '2023-11-14 14:37:04', '2023-11-14 14:37:04', 0, NULL),
(276, 27, '2023-11-02 06:55:58', '2023-11-02 06:55:58', 0, NULL),
(276, 29, '2023-11-06 06:13:43', '2023-11-06 06:13:43', 0, NULL),
(276, 35, '2023-11-13 15:35:21', '2023-11-13 15:35:21', 0, NULL),
(276, 36, '2023-11-14 13:43:24', '2023-11-14 13:43:24', 0, NULL),
(276, 42, '2023-11-14 14:28:47', '2023-11-14 14:28:47', 0, NULL),
(276, 45, '2023-11-14 14:34:33', '2023-11-14 14:34:33', 0, NULL),
(276, 46, '2023-11-14 14:37:04', '2023-11-14 14:37:04', 0, NULL),
(277, 27, '2023-11-02 06:55:58', '2023-11-02 06:55:58', 0, NULL),
(277, 29, '2023-11-06 06:13:43', '2023-11-06 06:13:43', 0, NULL),
(277, 35, '2023-11-13 15:35:21', '2023-11-13 15:35:21', 0, NULL),
(277, 36, '2023-11-14 13:43:24', '2023-11-14 13:43:24', 0, NULL),
(277, 42, '2023-11-14 14:28:47', '2023-11-14 14:28:47', 0, NULL),
(277, 45, '2023-11-14 14:34:33', '2023-11-14 14:34:33', 0, NULL),
(277, 46, '2023-11-14 14:37:04', '2023-11-14 14:37:04', 0, NULL),
(278, 27, '2023-11-02 06:55:58', '2023-11-02 06:55:58', 0, NULL),
(278, 29, '2023-11-06 06:13:43', '2023-11-06 06:13:43', 0, NULL),
(278, 35, '2023-11-13 15:35:21', '2023-11-13 15:35:21', 0, NULL),
(278, 36, '2023-11-14 13:43:24', '2023-11-14 13:43:24', 0, NULL),
(278, 42, '2023-11-14 14:28:47', '2023-11-14 14:28:47', 0, NULL),
(278, 45, '2023-11-14 14:34:33', '2023-11-14 14:34:33', 0, NULL),
(278, 46, '2023-11-14 14:37:04', '2023-11-14 14:37:04', 0, NULL),
(279, 27, '2023-11-02 06:55:58', '2023-11-02 06:55:58', 0, NULL),
(279, 29, '2023-11-06 06:13:43', '2023-11-06 06:13:43', 0, NULL),
(279, 35, '2023-11-13 15:35:21', '2023-11-13 15:35:21', 0, NULL),
(279, 36, '2023-11-14 13:43:24', '2023-11-14 13:43:24', 0, NULL),
(279, 42, '2023-11-14 14:28:47', '2023-11-14 14:28:47', 0, NULL),
(279, 45, '2023-11-14 14:34:33', '2023-11-14 14:34:33', 0, NULL),
(279, 46, '2023-11-14 14:37:04', '2023-11-14 14:37:04', 0, NULL),
(280, 27, '2023-11-02 06:55:58', '2023-11-02 06:55:58', 0, NULL),
(280, 29, '2023-11-06 06:13:43', '2023-11-06 06:13:43', 0, NULL),
(280, 35, '2023-11-13 15:35:21', '2023-11-13 15:35:21', 0, NULL),
(280, 36, '2023-11-14 13:43:24', '2023-11-14 13:43:24', 0, NULL),
(280, 42, '2023-11-14 14:28:47', '2023-11-14 14:28:47', 0, NULL),
(280, 45, '2023-11-14 14:34:33', '2023-11-14 14:34:33', 0, NULL),
(280, 46, '2023-11-14 14:37:04', '2023-11-14 14:37:04', 0, NULL),
(281, 20, '2023-10-26 08:06:18', '2023-10-26 08:06:18', 6, 2),
(281, 27, '2023-11-02 06:55:58', '2023-11-02 06:55:58', 0, NULL),
(281, 29, '2023-11-06 06:13:43', '2023-11-06 06:13:43', 0, NULL),
(281, 35, '2023-11-13 15:35:21', '2023-11-13 15:35:21', 0, NULL),
(281, 36, '2023-11-14 13:43:24', '2023-11-14 13:43:24', 0, NULL),
(281, 42, '2023-11-14 14:28:47', '2023-11-14 14:28:47', 0, NULL),
(281, 45, '2023-11-14 14:34:33', '2023-11-14 14:34:33', 0, NULL),
(281, 46, '2023-11-14 14:37:04', '2023-11-14 14:37:04', 0, NULL),
(282, 27, '2023-11-02 06:55:58', '2023-11-02 06:55:58', 0, NULL),
(282, 29, '2023-11-06 06:13:43', '2023-11-06 06:13:43', 0, NULL),
(282, 35, '2023-11-13 15:35:21', '2023-11-13 15:35:21', 0, NULL),
(282, 36, '2023-11-14 13:43:24', '2023-11-14 13:43:24', 0, NULL),
(282, 42, '2023-11-14 14:28:47', '2023-11-14 14:28:47', 0, NULL),
(282, 45, '2023-11-14 14:34:33', '2023-11-14 14:34:33', 0, NULL),
(282, 46, '2023-11-14 14:37:04', '2023-11-14 14:37:04', 0, NULL),
(283, 20, '2023-10-26 08:18:52', '2023-10-26 08:18:52', 8, 2),
(283, 27, '2023-11-02 06:55:58', '2023-11-02 06:55:58', 0, NULL),
(283, 29, '2023-11-06 06:13:43', '2023-11-06 06:13:43', 0, NULL),
(283, 35, '2023-11-13 15:35:21', '2023-11-13 15:35:21', 0, NULL),
(283, 36, '2023-11-14 13:43:24', '2023-11-14 13:43:24', 0, NULL),
(283, 42, '2023-11-14 14:28:47', '2023-11-14 14:28:47', 0, NULL),
(283, 45, '2023-11-14 14:34:33', '2023-11-14 14:34:33', 0, NULL),
(283, 46, '2023-11-14 14:37:04', '2023-11-14 14:37:04', 0, NULL),
(284, 27, '2023-11-02 06:55:58', '2023-11-02 06:55:58', 0, NULL),
(284, 29, '2023-11-06 06:14:38', '2023-11-06 06:13:43', 2, 2),
(284, 35, '2023-11-13 15:35:21', '2023-11-13 15:35:21', 0, NULL),
(284, 36, '2023-11-14 14:06:47', '2023-11-14 13:43:24', 2, 2),
(284, 42, '2023-11-14 14:28:47', '2023-11-14 14:28:47', 0, NULL),
(284, 45, '2023-11-14 14:34:33', '2023-11-14 14:34:33', 0, NULL),
(284, 46, '2023-11-14 14:37:04', '2023-11-14 14:37:04', 0, NULL),
(285, 27, '2023-11-02 07:30:27', '2023-11-02 06:55:58', 9, 2),
(285, 29, '2023-11-06 06:13:43', '2023-11-06 06:13:43', 0, NULL),
(285, 35, '2023-11-13 15:35:21', '2023-11-13 15:35:21', 0, NULL),
(285, 36, '2023-11-14 13:43:24', '2023-11-14 13:43:24', 0, NULL),
(285, 42, '2023-11-14 14:28:47', '2023-11-14 14:28:47', 0, NULL),
(285, 45, '2023-11-14 14:34:33', '2023-11-14 14:34:33', 0, NULL),
(285, 46, '2023-11-14 14:37:04', '2023-11-14 14:37:04', 0, NULL),
(286, 41, '2023-11-14 14:27:02', '2023-11-14 14:27:02', 0, NULL),
(287, 41, '2023-11-14 14:27:02', '2023-11-14 14:27:02', 0, NULL),
(288, 41, '2023-11-14 14:27:02', '2023-11-14 14:27:02', 0, NULL),
(289, 41, '2023-11-14 14:27:02', '2023-11-14 14:27:02', 0, NULL),
(290, 41, '2023-11-14 14:27:02', '2023-11-14 14:27:02', 0, NULL),
(291, 41, '2023-11-14 14:27:02', '2023-11-14 14:27:02', 0, NULL),
(292, 41, '2023-11-14 14:27:02', '2023-11-14 14:27:02', 0, NULL),
(293, 41, '2023-11-14 14:27:02', '2023-11-14 14:27:02', 0, NULL),
(294, 41, '2023-11-14 14:27:02', '2023-11-14 14:27:02', 0, NULL),
(295, 41, '2023-11-14 14:27:02', '2023-11-14 14:27:02', 0, NULL),
(296, 41, '2023-11-14 14:27:02', '2023-11-14 14:27:02', 0, NULL),
(297, 41, '2023-11-14 14:27:02', '2023-11-14 14:27:02', 0, NULL),
(298, 41, '2023-11-14 14:27:02', '2023-11-14 14:27:02', 0, NULL),
(299, 41, '2023-11-14 14:27:02', '2023-11-14 14:27:02', 0, NULL),
(300, 41, '2023-11-14 14:27:02', '2023-11-14 14:27:02', 0, NULL),
(301, 41, '2023-11-14 14:27:02', '2023-11-14 14:27:02', 0, NULL),
(302, 41, '2023-11-14 14:27:02', '2023-11-14 14:27:02', 0, NULL),
(303, 41, '2023-11-14 14:27:02', '2023-11-14 14:27:02', 0, NULL),
(304, 41, '2023-11-14 14:27:02', '2023-11-14 14:27:02', 0, NULL),
(305, 41, '2023-11-14 14:27:02', '2023-11-14 14:27:02', 0, NULL),
(306, 41, '2023-11-14 14:27:02', '2023-11-14 14:27:02', 0, NULL),
(307, 41, '2023-11-14 14:27:02', '2023-11-14 14:27:02', 0, NULL),
(308, 41, '2023-11-14 14:27:02', '2023-11-14 14:27:02', 0, NULL),
(309, 41, '2023-11-14 14:27:02', '2023-11-14 14:27:02', 0, NULL),
(310, 41, '2023-11-14 14:27:02', '2023-11-14 14:27:02', 0, NULL),
(311, 41, '2023-11-14 14:27:02', '2023-11-14 14:27:02', 0, NULL),
(312, 41, '2023-11-14 14:27:02', '2023-11-14 14:27:02', 0, NULL),
(313, 41, '2023-11-14 14:27:02', '2023-11-14 14:27:02', 0, NULL),
(314, 41, '2023-11-14 14:27:02', '2023-11-14 14:27:02', 0, NULL),
(315, 41, '2023-11-14 14:27:02', '2023-11-14 14:27:02', 0, NULL),
(316, 41, '2023-11-14 14:27:02', '2023-11-14 14:27:02', 0, NULL),
(317, 41, '2023-11-14 14:27:02', '2023-11-14 14:27:02', 0, NULL),
(318, 41, '2023-11-14 14:27:02', '2023-11-14 14:27:02', 0, NULL),
(319, 41, '2023-11-14 14:27:02', '2023-11-14 14:27:02', 0, NULL),
(320, 41, '2023-11-14 14:27:02', '2023-11-14 14:27:02', 0, NULL),
(321, 41, '2023-11-14 14:27:02', '2023-11-14 14:27:02', 0, NULL),
(322, 41, '2023-11-14 14:27:02', '2023-11-14 14:27:02', 0, NULL),
(323, 41, '2023-11-14 14:27:02', '2023-11-14 14:27:02', 0, NULL),
(324, 41, '2023-11-14 14:27:02', '2023-11-14 14:27:02', 0, NULL),
(325, 41, '2023-11-14 14:27:02', '2023-11-14 14:27:02', 0, NULL),
(326, 41, '2023-11-14 14:27:02', '2023-11-14 14:27:02', 0, NULL),
(327, 41, '2023-11-14 14:27:02', '2023-11-14 14:27:02', 0, NULL),
(328, 41, '2023-11-14 14:27:02', '2023-11-14 14:27:02', 0, NULL),
(329, 41, '2023-11-14 14:27:02', '2023-11-14 14:27:02', 0, NULL),
(330, 41, '2023-11-14 14:27:02', '2023-11-14 14:27:02', 0, NULL),
(331, 41, '2023-11-14 14:27:02', '2023-11-14 14:27:02', 0, NULL),
(332, 41, '2023-11-14 14:27:02', '2023-11-14 14:27:02', 0, NULL),
(333, 41, '2023-11-14 14:27:02', '2023-11-14 14:27:02', 0, NULL),
(334, 41, '2023-11-14 14:27:02', '2023-11-14 14:27:02', 0, NULL),
(335, 41, '2023-11-14 14:27:02', '2023-11-14 14:27:02', 0, NULL),
(336, 41, '2023-11-14 14:27:02', '2023-11-14 14:27:02', 0, NULL),
(337, 41, '2023-11-14 14:27:02', '2023-11-14 14:27:02', 0, NULL),
(338, 41, '2023-11-14 14:27:02', '2023-11-14 14:27:02', 0, NULL),
(339, 41, '2023-11-14 14:27:02', '2023-11-14 14:27:02', 0, NULL),
(340, 41, '2023-11-14 14:27:02', '2023-11-14 14:27:02', 0, NULL),
(341, 41, '2023-11-14 14:27:02', '2023-11-14 14:27:02', 0, NULL),
(342, 41, '2023-11-14 14:27:02', '2023-11-14 14:27:02', 0, NULL),
(343, 41, '2023-11-14 14:27:02', '2023-11-14 14:27:02', 0, NULL),
(344, 41, '2023-11-14 14:27:02', '2023-11-14 14:27:02', 0, NULL),
(345, 41, '2023-11-14 14:27:02', '2023-11-14 14:27:02', 0, NULL),
(346, 41, '2023-11-14 14:27:02', '2023-11-14 14:27:02', 0, NULL),
(347, 41, '2023-11-14 14:27:02', '2023-11-14 14:27:02', 0, NULL),
(348, 41, '2023-11-14 14:27:02', '2023-11-14 14:27:02', 0, NULL),
(349, 41, '2023-11-14 14:27:02', '2023-11-14 14:27:02', 0, NULL),
(350, 41, '2023-11-14 14:27:02', '2023-11-14 14:27:02', 0, NULL),
(351, 41, '2023-11-14 14:27:02', '2023-11-14 14:27:02', 0, NULL),
(352, 41, '2023-11-14 14:27:02', '2023-11-14 14:27:02', 0, NULL),
(353, 41, '2023-11-14 14:27:02', '2023-11-14 14:27:02', 0, NULL),
(354, 41, '2023-11-14 14:27:02', '2023-11-14 14:27:02', 0, NULL),
(355, 41, '2023-11-14 14:27:02', '2023-11-14 14:27:02', 0, NULL),
(356, 41, '2023-11-14 14:27:02', '2023-11-14 14:27:02', 0, NULL),
(357, 41, '2023-11-14 14:27:02', '2023-11-14 14:27:02', 0, NULL),
(358, 41, '2023-11-14 14:27:02', '2023-11-14 14:27:02', 0, NULL),
(359, 41, '2023-11-14 14:27:02', '2023-11-14 14:27:02', 0, NULL),
(360, 41, '2023-11-14 14:27:02', '2023-11-14 14:27:02', 0, NULL),
(361, 41, '2023-11-14 14:27:02', '2023-11-14 14:27:02', 0, NULL),
(362, 41, '2023-11-14 14:27:02', '2023-11-14 14:27:02', 0, NULL),
(363, 41, '2023-11-14 14:27:02', '2023-11-14 14:27:02', 0, NULL),
(364, 41, '2023-11-14 14:27:02', '2023-11-14 14:27:02', 0, NULL),
(365, 41, '2023-11-14 14:27:02', '2023-11-14 14:27:02', 0, NULL),
(366, 41, '2023-11-14 14:27:02', '2023-11-14 14:27:02', 0, NULL),
(367, 41, '2023-11-14 14:27:02', '2023-11-14 14:27:02', 0, NULL),
(368, 41, '2023-11-14 14:27:02', '2023-11-14 14:27:02', 0, NULL),
(369, 41, '2023-11-14 14:27:02', '2023-11-14 14:27:02', 0, NULL),
(370, 41, '2023-11-14 14:27:02', '2023-11-14 14:27:02', 0, NULL),
(371, 41, '2023-11-14 14:27:02', '2023-11-14 14:27:02', 0, NULL),
(372, 41, '2023-11-14 14:27:02', '2023-11-14 14:27:02', 0, NULL),
(373, 41, '2023-11-14 14:27:02', '2023-11-14 14:27:02', 0, NULL),
(374, 41, '2023-11-14 14:27:02', '2023-11-14 14:27:02', 0, NULL),
(375, 41, '2023-11-14 14:27:02', '2023-11-14 14:27:02', 0, NULL),
(376, 41, '2023-11-14 14:27:02', '2023-11-14 14:27:02', 0, NULL),
(377, 41, '2023-11-14 14:27:02', '2023-11-14 14:27:02', 0, NULL),
(378, 41, '2023-11-14 14:27:02', '2023-11-14 14:27:02', 0, NULL),
(379, 41, '2023-11-14 14:27:02', '2023-11-14 14:27:02', 0, NULL),
(380, 41, '2023-11-14 14:27:02', '2023-11-14 14:27:02', 0, NULL),
(381, 26, '2023-10-27 16:07:45', '2023-10-27 16:07:45', 0, NULL),
(381, 30, '2023-11-06 08:26:52', '2023-11-06 08:26:52', 0, NULL),
(381, 31, '2023-11-10 07:19:19', '2023-11-10 07:19:19', 0, NULL),
(381, 37, '2023-11-14 13:44:12', '2023-11-14 13:44:12', 0, NULL),
(381, 47, '2023-11-14 14:37:28', '2023-11-14 14:37:28', 0, NULL),
(381, 50, '2023-11-14 14:41:12', '2023-11-14 14:41:12', 0, NULL),
(381, 53, '2023-11-14 14:43:01', '2023-11-14 14:43:01', 0, NULL),
(381, 54, '2023-11-14 15:13:35', '2023-11-14 15:13:35', 0, NULL),
(382, 26, '2023-10-27 16:07:45', '2023-10-27 16:07:45', 0, NULL),
(382, 30, '2023-11-06 08:26:52', '2023-11-06 08:26:52', 0, NULL),
(382, 31, '2023-11-10 07:19:19', '2023-11-10 07:19:19', 0, NULL),
(382, 37, '2023-11-14 13:44:12', '2023-11-14 13:44:12', 0, NULL),
(382, 47, '2023-11-14 14:37:28', '2023-11-14 14:37:28', 0, NULL),
(382, 50, '2023-11-14 14:41:12', '2023-11-14 14:41:12', 0, NULL),
(382, 53, '2023-11-14 14:43:01', '2023-11-14 14:43:01', 0, NULL),
(382, 54, '2023-11-14 15:13:35', '2023-11-14 15:13:35', 0, NULL),
(383, 26, '2023-10-27 16:07:45', '2023-10-27 16:07:45', 0, NULL),
(383, 30, '2023-11-06 08:26:52', '2023-11-06 08:26:52', 0, NULL),
(383, 31, '2023-11-10 07:19:19', '2023-11-10 07:19:19', 0, NULL),
(383, 37, '2023-11-14 13:44:12', '2023-11-14 13:44:12', 0, NULL),
(383, 47, '2023-11-14 14:37:28', '2023-11-14 14:37:28', 0, NULL),
(383, 50, '2023-11-14 14:41:12', '2023-11-14 14:41:12', 0, NULL),
(383, 53, '2023-11-14 14:43:01', '2023-11-14 14:43:01', 0, NULL),
(383, 54, '2023-11-14 15:13:35', '2023-11-14 15:13:35', 0, NULL),
(384, 26, '2023-10-27 16:07:45', '2023-10-27 16:07:45', 0, NULL),
(384, 30, '2023-11-06 08:26:52', '2023-11-06 08:26:52', 0, NULL),
(384, 31, '2023-11-10 07:19:19', '2023-11-10 07:19:19', 0, NULL),
(384, 37, '2023-11-14 13:44:12', '2023-11-14 13:44:12', 0, NULL),
(384, 47, '2023-11-14 14:37:28', '2023-11-14 14:37:28', 0, NULL),
(384, 50, '2023-11-14 14:41:12', '2023-11-14 14:41:12', 0, NULL),
(384, 53, '2023-11-14 14:43:01', '2023-11-14 14:43:01', 0, NULL),
(384, 54, '2023-11-14 15:13:35', '2023-11-14 15:13:35', 0, NULL),
(385, 26, '2023-10-27 16:07:45', '2023-10-27 16:07:45', 0, NULL),
(385, 30, '2023-11-06 08:26:52', '2023-11-06 08:26:52', 0, NULL),
(385, 31, '2023-11-10 07:19:19', '2023-11-10 07:19:19', 0, NULL),
(385, 37, '2023-11-14 13:44:12', '2023-11-14 13:44:12', 0, NULL),
(385, 47, '2023-11-14 14:37:28', '2023-11-14 14:37:28', 0, NULL),
(385, 50, '2023-11-14 14:41:12', '2023-11-14 14:41:12', 0, NULL),
(385, 53, '2023-11-14 14:43:01', '2023-11-14 14:43:01', 0, NULL),
(385, 54, '2023-11-14 15:13:35', '2023-11-14 15:13:35', 0, NULL),
(386, 26, '2023-10-27 16:07:45', '2023-10-27 16:07:45', 0, NULL),
(386, 30, '2023-11-06 08:26:52', '2023-11-06 08:26:52', 0, NULL),
(386, 31, '2023-11-10 07:19:19', '2023-11-10 07:19:19', 0, NULL),
(386, 37, '2023-11-14 13:44:12', '2023-11-14 13:44:12', 0, NULL),
(386, 47, '2023-11-14 14:37:28', '2023-11-14 14:37:28', 0, NULL),
(386, 50, '2023-11-14 14:41:12', '2023-11-14 14:41:12', 0, NULL),
(386, 53, '2023-11-14 14:43:01', '2023-11-14 14:43:01', 0, NULL),
(386, 54, '2023-11-14 15:13:35', '2023-11-14 15:13:35', 0, NULL),
(387, 26, '2023-10-27 16:07:45', '2023-10-27 16:07:45', 0, NULL),
(387, 30, '2023-11-06 08:26:52', '2023-11-06 08:26:52', 0, NULL),
(387, 31, '2023-11-10 07:19:19', '2023-11-10 07:19:19', 0, NULL),
(387, 37, '2023-11-14 13:44:12', '2023-11-14 13:44:12', 0, NULL),
(387, 47, '2023-11-14 14:37:28', '2023-11-14 14:37:28', 0, NULL),
(387, 50, '2023-11-14 14:41:12', '2023-11-14 14:41:12', 0, NULL),
(387, 53, '2023-11-14 14:43:01', '2023-11-14 14:43:01', 0, NULL),
(387, 54, '2023-11-14 15:13:35', '2023-11-14 15:13:35', 0, NULL),
(388, 26, '2023-10-27 16:07:45', '2023-10-27 16:07:45', 0, NULL),
(388, 30, '2023-11-06 08:26:52', '2023-11-06 08:26:52', 0, NULL),
(388, 31, '2023-11-10 07:19:19', '2023-11-10 07:19:19', 0, NULL),
(388, 37, '2023-11-14 13:44:12', '2023-11-14 13:44:12', 0, NULL),
(388, 47, '2023-11-14 14:37:28', '2023-11-14 14:37:28', 0, NULL),
(388, 50, '2023-11-14 14:41:12', '2023-11-14 14:41:12', 0, NULL),
(388, 53, '2023-11-14 14:43:01', '2023-11-14 14:43:01', 0, NULL),
(388, 54, '2023-11-14 15:13:35', '2023-11-14 15:13:35', 0, NULL),
(389, 26, '2023-10-27 16:07:45', '2023-10-27 16:07:45', 0, NULL),
(389, 30, '2023-11-06 08:26:52', '2023-11-06 08:26:52', 0, NULL),
(389, 31, '2023-11-10 07:19:19', '2023-11-10 07:19:19', 0, NULL),
(389, 37, '2023-11-14 13:44:12', '2023-11-14 13:44:12', 0, NULL),
(389, 47, '2023-11-14 14:37:28', '2023-11-14 14:37:28', 0, NULL),
(389, 50, '2023-11-14 14:41:12', '2023-11-14 14:41:12', 0, NULL),
(389, 53, '2023-11-14 14:43:01', '2023-11-14 14:43:01', 0, NULL),
(389, 54, '2023-11-14 15:13:35', '2023-11-14 15:13:35', 0, NULL),
(390, 26, '2023-10-27 16:07:45', '2023-10-27 16:07:45', 0, NULL),
(390, 30, '2023-11-06 08:26:52', '2023-11-06 08:26:52', 0, NULL),
(390, 31, '2023-11-10 07:19:19', '2023-11-10 07:19:19', 0, NULL),
(390, 37, '2023-11-14 13:44:12', '2023-11-14 13:44:12', 0, NULL),
(390, 47, '2023-11-14 14:37:28', '2023-11-14 14:37:28', 0, NULL),
(390, 50, '2023-11-14 14:41:13', '2023-11-14 14:41:13', 0, NULL),
(390, 53, '2023-11-14 14:43:01', '2023-11-14 14:43:01', 0, NULL),
(390, 54, '2023-11-14 15:13:35', '2023-11-14 15:13:35', 0, NULL),
(391, 26, '2023-10-27 16:07:45', '2023-10-27 16:07:45', 0, NULL),
(391, 30, '2023-11-06 08:26:52', '2023-11-06 08:26:52', 0, NULL),
(391, 31, '2023-11-10 07:19:19', '2023-11-10 07:19:19', 0, NULL),
(391, 37, '2023-11-14 13:44:12', '2023-11-14 13:44:12', 0, NULL),
(391, 47, '2023-11-14 14:37:28', '2023-11-14 14:37:28', 0, NULL),
(391, 50, '2023-11-14 14:41:13', '2023-11-14 14:41:13', 0, NULL),
(391, 53, '2023-11-14 14:43:01', '2023-11-14 14:43:01', 0, NULL),
(391, 54, '2023-11-14 15:13:35', '2023-11-14 15:13:35', 0, NULL),
(392, 26, '2023-10-27 16:07:45', '2023-10-27 16:07:45', 0, NULL),
(392, 30, '2023-11-06 08:26:52', '2023-11-06 08:26:52', 0, NULL),
(392, 31, '2023-11-10 07:19:19', '2023-11-10 07:19:19', 0, NULL),
(392, 37, '2023-11-14 13:44:12', '2023-11-14 13:44:12', 0, NULL),
(392, 47, '2023-11-14 14:37:28', '2023-11-14 14:37:28', 0, NULL),
(392, 50, '2023-11-14 14:41:13', '2023-11-14 14:41:13', 0, NULL),
(392, 53, '2023-11-14 14:43:01', '2023-11-14 14:43:01', 0, NULL),
(392, 54, '2023-11-14 15:13:35', '2023-11-14 15:13:35', 0, NULL),
(393, 26, '2023-10-27 16:07:45', '2023-10-27 16:07:45', 0, NULL),
(393, 30, '2023-11-06 08:26:52', '2023-11-06 08:26:52', 0, NULL),
(393, 31, '2023-11-10 07:19:19', '2023-11-10 07:19:19', 0, NULL),
(393, 37, '2023-11-14 13:44:12', '2023-11-14 13:44:12', 0, NULL),
(393, 47, '2023-11-14 14:37:28', '2023-11-14 14:37:28', 0, NULL),
(393, 50, '2023-11-14 14:41:13', '2023-11-14 14:41:13', 0, NULL),
(393, 53, '2023-11-14 14:43:01', '2023-11-14 14:43:01', 0, NULL),
(393, 54, '2023-11-14 15:13:35', '2023-11-14 15:13:35', 0, NULL),
(394, 26, '2023-10-27 16:07:45', '2023-10-27 16:07:45', 0, NULL),
(394, 30, '2023-11-06 08:26:52', '2023-11-06 08:26:52', 0, NULL),
(394, 31, '2023-11-10 07:19:19', '2023-11-10 07:19:19', 0, NULL),
(394, 37, '2023-11-14 13:44:12', '2023-11-14 13:44:12', 0, NULL),
(394, 47, '2023-11-14 14:37:28', '2023-11-14 14:37:28', 0, NULL),
(394, 50, '2023-11-14 14:41:13', '2023-11-14 14:41:13', 0, NULL),
(394, 53, '2023-11-14 14:43:01', '2023-11-14 14:43:01', 0, NULL),
(394, 54, '2023-11-14 15:13:35', '2023-11-14 15:13:35', 0, NULL),
(395, 26, '2023-10-27 16:07:45', '2023-10-27 16:07:45', 0, NULL),
(395, 30, '2023-11-06 08:26:52', '2023-11-06 08:26:52', 0, NULL),
(395, 31, '2023-11-10 07:19:19', '2023-11-10 07:19:19', 0, NULL),
(395, 37, '2023-11-14 13:44:12', '2023-11-14 13:44:12', 0, NULL),
(395, 47, '2023-11-14 14:37:28', '2023-11-14 14:37:28', 0, NULL),
(395, 50, '2023-11-14 14:41:13', '2023-11-14 14:41:13', 0, NULL),
(395, 53, '2023-11-14 14:43:01', '2023-11-14 14:43:01', 0, NULL),
(395, 54, '2023-11-14 15:13:35', '2023-11-14 15:13:35', 0, NULL),
(396, 26, '2023-10-27 16:07:45', '2023-10-27 16:07:45', 0, NULL),
(396, 30, '2023-11-06 08:26:52', '2023-11-06 08:26:52', 0, NULL),
(396, 31, '2023-11-10 07:19:19', '2023-11-10 07:19:19', 0, NULL),
(396, 37, '2023-11-14 13:44:12', '2023-11-14 13:44:12', 0, NULL),
(396, 47, '2023-11-14 14:37:28', '2023-11-14 14:37:28', 0, NULL),
(396, 50, '2023-11-14 14:41:13', '2023-11-14 14:41:13', 0, NULL),
(396, 53, '2023-11-14 14:43:01', '2023-11-14 14:43:01', 0, NULL),
(396, 54, '2023-11-14 15:13:35', '2023-11-14 15:13:35', 0, NULL),
(397, 26, '2023-10-27 16:07:45', '2023-10-27 16:07:45', 0, NULL),
(397, 30, '2023-11-06 08:26:52', '2023-11-06 08:26:52', 0, NULL),
(397, 31, '2023-11-10 07:19:19', '2023-11-10 07:19:19', 0, NULL),
(397, 37, '2023-11-14 13:44:12', '2023-11-14 13:44:12', 0, NULL),
(397, 47, '2023-11-14 14:37:28', '2023-11-14 14:37:28', 0, NULL),
(397, 50, '2023-11-14 14:41:13', '2023-11-14 14:41:13', 0, NULL),
(397, 53, '2023-11-14 14:43:01', '2023-11-14 14:43:01', 0, NULL),
(397, 54, '2023-11-14 15:13:35', '2023-11-14 15:13:35', 0, NULL),
(398, 26, '2023-10-27 16:07:45', '2023-10-27 16:07:45', 0, NULL),
(398, 30, '2023-11-06 08:26:52', '2023-11-06 08:26:52', 0, NULL),
(398, 31, '2023-11-10 07:19:19', '2023-11-10 07:19:19', 0, NULL),
(398, 37, '2023-11-14 13:44:12', '2023-11-14 13:44:12', 0, NULL),
(398, 47, '2023-11-14 14:37:28', '2023-11-14 14:37:28', 0, NULL),
(398, 50, '2023-11-14 14:41:13', '2023-11-14 14:41:13', 0, NULL),
(398, 53, '2023-11-14 14:43:01', '2023-11-14 14:43:01', 0, NULL),
(398, 54, '2023-11-14 15:13:35', '2023-11-14 15:13:35', 0, NULL),
(399, 26, '2023-10-27 16:07:45', '2023-10-27 16:07:45', 0, NULL),
(399, 30, '2023-11-06 08:26:52', '2023-11-06 08:26:52', 0, NULL),
(399, 31, '2023-11-10 07:19:19', '2023-11-10 07:19:19', 0, NULL),
(399, 37, '2023-11-14 13:44:12', '2023-11-14 13:44:12', 0, NULL),
(399, 47, '2023-11-14 14:37:28', '2023-11-14 14:37:28', 0, NULL),
(399, 50, '2023-11-14 14:41:13', '2023-11-14 14:41:13', 0, NULL),
(399, 53, '2023-11-14 14:43:01', '2023-11-14 14:43:01', 0, NULL),
(399, 54, '2023-11-14 15:13:35', '2023-11-14 15:13:35', 0, NULL),
(400, 26, '2023-10-27 16:07:45', '2023-10-27 16:07:45', 0, NULL),
(400, 30, '2023-11-06 08:26:52', '2023-11-06 08:26:52', 0, NULL),
(400, 31, '2023-11-10 07:19:19', '2023-11-10 07:19:19', 0, NULL),
(400, 37, '2023-11-14 13:44:12', '2023-11-14 13:44:12', 0, NULL),
(400, 47, '2023-11-14 14:37:28', '2023-11-14 14:37:28', 0, NULL),
(400, 50, '2023-11-14 14:41:13', '2023-11-14 14:41:13', 0, NULL),
(400, 53, '2023-11-14 14:43:01', '2023-11-14 14:43:01', 0, NULL),
(400, 54, '2023-11-14 15:13:35', '2023-11-14 15:13:35', 0, NULL),
(401, 26, '2023-10-27 16:07:45', '2023-10-27 16:07:45', 0, NULL),
(401, 30, '2023-11-06 08:26:52', '2023-11-06 08:26:52', 0, NULL),
(401, 31, '2023-11-10 07:19:19', '2023-11-10 07:19:19', 0, NULL),
(401, 37, '2023-11-14 13:44:12', '2023-11-14 13:44:12', 0, NULL),
(401, 47, '2023-11-14 14:37:28', '2023-11-14 14:37:28', 0, NULL),
(401, 50, '2023-11-14 14:41:13', '2023-11-14 14:41:13', 0, NULL),
(401, 53, '2023-11-14 14:43:01', '2023-11-14 14:43:01', 0, NULL),
(401, 54, '2023-11-14 15:13:35', '2023-11-14 15:13:35', 0, NULL),
(402, 26, '2023-10-27 16:07:45', '2023-10-27 16:07:45', 0, NULL),
(402, 30, '2023-11-06 08:26:52', '2023-11-06 08:26:52', 0, NULL),
(402, 31, '2023-11-10 07:19:19', '2023-11-10 07:19:19', 0, NULL),
(402, 37, '2023-11-14 13:44:12', '2023-11-14 13:44:12', 0, NULL),
(402, 47, '2023-11-14 14:37:28', '2023-11-14 14:37:28', 0, NULL),
(402, 50, '2023-11-14 14:41:13', '2023-11-14 14:41:13', 0, NULL),
(402, 53, '2023-11-14 14:43:01', '2023-11-14 14:43:01', 0, NULL),
(402, 54, '2023-11-14 15:13:35', '2023-11-14 15:13:35', 0, NULL),
(403, 26, '2023-10-27 16:07:45', '2023-10-27 16:07:45', 0, NULL),
(403, 30, '2023-11-06 08:26:52', '2023-11-06 08:26:52', 0, NULL),
(403, 31, '2023-11-10 07:19:19', '2023-11-10 07:19:19', 0, NULL),
(403, 37, '2023-11-14 13:44:12', '2023-11-14 13:44:12', 0, NULL),
(403, 47, '2023-11-14 14:37:28', '2023-11-14 14:37:28', 0, NULL),
(403, 50, '2023-11-14 14:41:13', '2023-11-14 14:41:13', 0, NULL),
(403, 53, '2023-11-14 14:43:01', '2023-11-14 14:43:01', 0, NULL),
(403, 54, '2023-11-14 15:13:35', '2023-11-14 15:13:35', 0, NULL),
(404, 26, '2023-10-27 16:07:45', '2023-10-27 16:07:45', 0, NULL),
(404, 30, '2023-11-06 08:26:52', '2023-11-06 08:26:52', 0, NULL),
(404, 31, '2023-11-10 07:19:19', '2023-11-10 07:19:19', 0, NULL),
(404, 37, '2023-11-14 13:44:12', '2023-11-14 13:44:12', 0, NULL),
(404, 47, '2023-11-14 14:37:28', '2023-11-14 14:37:28', 0, NULL),
(404, 50, '2023-11-14 14:41:13', '2023-11-14 14:41:13', 0, NULL),
(404, 53, '2023-11-14 14:43:01', '2023-11-14 14:43:01', 0, NULL),
(404, 54, '2023-11-14 15:13:35', '2023-11-14 15:13:35', 0, NULL),
(405, 26, '2023-10-27 16:07:45', '2023-10-27 16:07:45', 0, NULL),
(405, 30, '2023-11-06 08:26:52', '2023-11-06 08:26:52', 0, NULL),
(405, 31, '2023-11-10 07:19:19', '2023-11-10 07:19:19', 0, NULL),
(405, 37, '2023-11-14 13:44:12', '2023-11-14 13:44:12', 0, NULL),
(405, 47, '2023-11-14 14:37:28', '2023-11-14 14:37:28', 0, NULL),
(405, 50, '2023-11-14 14:41:13', '2023-11-14 14:41:13', 0, NULL),
(405, 53, '2023-11-14 14:43:01', '2023-11-14 14:43:01', 0, NULL),
(405, 54, '2023-11-14 15:13:35', '2023-11-14 15:13:35', 0, NULL),
(406, 26, '2023-10-27 16:07:45', '2023-10-27 16:07:45', 0, NULL),
(406, 30, '2023-11-06 08:26:52', '2023-11-06 08:26:52', 0, NULL),
(406, 31, '2023-11-10 07:19:19', '2023-11-10 07:19:19', 0, NULL),
(406, 37, '2023-11-14 13:44:12', '2023-11-14 13:44:12', 0, NULL),
(406, 47, '2023-11-14 14:37:28', '2023-11-14 14:37:28', 0, NULL),
(406, 50, '2023-11-14 14:41:13', '2023-11-14 14:41:13', 0, NULL),
(406, 53, '2023-11-14 14:43:01', '2023-11-14 14:43:01', 0, NULL),
(406, 54, '2023-11-14 15:13:35', '2023-11-14 15:13:35', 0, NULL),
(407, 26, '2023-10-27 16:07:45', '2023-10-27 16:07:45', 0, NULL),
(407, 30, '2023-11-06 08:28:34', '2023-11-06 08:26:52', 10, 2),
(407, 31, '2023-11-10 07:19:19', '2023-11-10 07:19:19', 0, NULL),
(407, 37, '2023-11-14 13:44:12', '2023-11-14 13:44:12', 0, NULL),
(407, 47, '2023-11-14 14:37:28', '2023-11-14 14:37:28', 0, NULL),
(407, 50, '2023-11-14 14:41:13', '2023-11-14 14:41:13', 0, NULL),
(407, 53, '2023-11-14 14:43:01', '2023-11-14 14:43:01', 0, NULL),
(407, 54, '2023-11-14 15:13:35', '2023-11-14 15:13:35', 0, NULL),
(408, 26, '2023-10-27 16:07:45', '2023-10-27 16:07:45', 0, NULL),
(408, 30, '2023-11-06 08:26:52', '2023-11-06 08:26:52', 0, NULL),
(408, 31, '2023-11-10 07:19:19', '2023-11-10 07:19:19', 0, NULL),
(408, 37, '2023-11-14 13:44:12', '2023-11-14 13:44:12', 0, NULL),
(408, 47, '2023-11-14 14:37:28', '2023-11-14 14:37:28', 0, NULL),
(408, 50, '2023-11-14 14:41:13', '2023-11-14 14:41:13', 0, NULL),
(408, 53, '2023-11-14 14:43:01', '2023-11-14 14:43:01', 0, NULL),
(408, 54, '2023-11-14 15:13:35', '2023-11-14 15:13:35', 0, NULL),
(409, 26, '2023-10-27 16:07:45', '2023-10-27 16:07:45', 0, NULL),
(409, 30, '2023-11-06 08:26:52', '2023-11-06 08:26:52', 0, NULL),
(409, 31, '2023-11-10 07:19:19', '2023-11-10 07:19:19', 0, NULL),
(409, 37, '2023-11-14 13:44:12', '2023-11-14 13:44:12', 0, NULL),
(409, 47, '2023-11-14 14:37:28', '2023-11-14 14:37:28', 0, NULL),
(409, 50, '2023-11-14 14:41:13', '2023-11-14 14:41:13', 0, NULL),
(409, 53, '2023-11-14 14:43:01', '2023-11-14 14:43:01', 0, NULL),
(409, 54, '2023-11-14 15:13:35', '2023-11-14 15:13:35', 0, NULL),
(410, 26, '2023-10-27 16:07:45', '2023-10-27 16:07:45', 0, NULL),
(410, 30, '2023-11-06 08:26:52', '2023-11-06 08:26:52', 0, NULL),
(410, 31, '2023-11-10 07:19:19', '2023-11-10 07:19:19', 0, NULL),
(410, 37, '2023-11-14 13:44:12', '2023-11-14 13:44:12', 0, NULL),
(410, 47, '2023-11-14 14:37:28', '2023-11-14 14:37:28', 0, NULL),
(410, 50, '2023-11-14 14:41:13', '2023-11-14 14:41:13', 0, NULL),
(410, 53, '2023-11-14 14:43:01', '2023-11-14 14:43:01', 0, NULL),
(410, 54, '2023-11-14 15:13:35', '2023-11-14 15:13:35', 0, NULL),
(411, 26, '2023-10-27 16:07:45', '2023-10-27 16:07:45', 0, NULL),
(411, 30, '2023-11-06 08:26:52', '2023-11-06 08:26:52', 0, NULL),
(411, 31, '2023-11-10 07:19:19', '2023-11-10 07:19:19', 0, NULL),
(411, 37, '2023-11-14 13:44:12', '2023-11-14 13:44:12', 0, NULL),
(411, 47, '2023-11-14 14:37:28', '2023-11-14 14:37:28', 0, NULL),
(411, 50, '2023-11-14 14:41:13', '2023-11-14 14:41:13', 0, NULL),
(411, 53, '2023-11-14 14:43:01', '2023-11-14 14:43:01', 0, NULL),
(411, 54, '2023-11-14 15:13:35', '2023-11-14 15:13:35', 0, NULL),
(412, 26, '2023-10-27 16:07:45', '2023-10-27 16:07:45', 0, NULL),
(412, 30, '2023-11-06 08:26:52', '2023-11-06 08:26:52', 0, NULL),
(412, 31, '2023-11-10 07:19:19', '2023-11-10 07:19:19', 0, NULL),
(412, 37, '2023-11-14 13:44:12', '2023-11-14 13:44:12', 0, NULL),
(412, 47, '2023-11-14 14:37:28', '2023-11-14 14:37:28', 0, NULL),
(412, 50, '2023-11-14 14:41:13', '2023-11-14 14:41:13', 0, NULL),
(412, 53, '2023-11-14 14:43:01', '2023-11-14 14:43:01', 0, NULL),
(412, 54, '2023-11-14 15:13:35', '2023-11-14 15:13:35', 0, NULL),
(413, 26, '2023-10-27 16:07:45', '2023-10-27 16:07:45', 0, NULL),
(413, 30, '2023-11-06 08:28:34', '2023-11-06 08:26:52', 10, 2),
(413, 31, '2023-11-10 07:19:19', '2023-11-10 07:19:19', 0, NULL),
(413, 37, '2023-11-14 13:44:12', '2023-11-14 13:44:12', 0, NULL),
(413, 47, '2023-11-14 14:37:28', '2023-11-14 14:37:28', 0, NULL),
(413, 50, '2023-11-14 14:41:13', '2023-11-14 14:41:13', 0, NULL),
(413, 53, '2023-11-14 14:43:01', '2023-11-14 14:43:01', 0, NULL),
(413, 54, '2023-11-14 15:13:35', '2023-11-14 15:13:35', 0, NULL),
(414, 26, '2023-10-27 16:07:45', '2023-10-27 16:07:45', 0, NULL),
(414, 30, '2023-11-06 08:26:52', '2023-11-06 08:26:52', 0, NULL),
(414, 31, '2023-11-10 07:19:19', '2023-11-10 07:19:19', 0, NULL),
(414, 37, '2023-11-14 13:44:12', '2023-11-14 13:44:12', 0, NULL),
(414, 47, '2023-11-14 14:37:28', '2023-11-14 14:37:28', 0, NULL),
(414, 50, '2023-11-14 14:41:13', '2023-11-14 14:41:13', 0, NULL),
(414, 53, '2023-11-14 14:43:02', '2023-11-14 14:43:02', 0, NULL),
(414, 54, '2023-11-14 15:13:35', '2023-11-14 15:13:35', 0, NULL),
(415, 26, '2023-10-27 16:07:45', '2023-10-27 16:07:45', 0, NULL),
(415, 30, '2023-11-06 08:26:52', '2023-11-06 08:26:52', 0, NULL),
(415, 31, '2023-11-10 07:19:19', '2023-11-10 07:19:19', 0, NULL),
(415, 37, '2023-11-14 13:44:12', '2023-11-14 13:44:12', 0, NULL),
(415, 47, '2023-11-14 14:37:28', '2023-11-14 14:37:28', 0, NULL),
(415, 50, '2023-11-14 14:41:13', '2023-11-14 14:41:13', 0, NULL),
(415, 53, '2023-11-14 14:43:02', '2023-11-14 14:43:02', 0, NULL),
(415, 54, '2023-11-14 15:13:35', '2023-11-14 15:13:35', 0, NULL),
(416, 26, '2023-10-27 16:07:45', '2023-10-27 16:07:45', 0, NULL),
(416, 30, '2023-11-06 08:26:52', '2023-11-06 08:26:52', 0, NULL),
(416, 31, '2023-11-10 07:19:19', '2023-11-10 07:19:19', 0, NULL),
(416, 37, '2023-11-14 13:44:12', '2023-11-14 13:44:12', 0, NULL),
(416, 47, '2023-11-14 14:37:28', '2023-11-14 14:37:28', 0, NULL),
(416, 50, '2023-11-14 14:41:13', '2023-11-14 14:41:13', 0, NULL),
(416, 53, '2023-11-14 14:43:02', '2023-11-14 14:43:02', 0, NULL),
(416, 54, '2023-11-14 15:13:35', '2023-11-14 15:13:35', 0, NULL),
(417, 26, '2023-10-27 16:07:45', '2023-10-27 16:07:45', 0, NULL),
(417, 30, '2023-11-06 08:26:52', '2023-11-06 08:26:52', 0, NULL),
(417, 31, '2023-11-10 07:19:19', '2023-11-10 07:19:19', 0, NULL),
(417, 37, '2023-11-14 13:44:12', '2023-11-14 13:44:12', 0, NULL),
(417, 47, '2023-11-14 14:37:28', '2023-11-14 14:37:28', 0, NULL),
(417, 50, '2023-11-14 14:41:13', '2023-11-14 14:41:13', 0, NULL),
(417, 53, '2023-11-14 14:43:02', '2023-11-14 14:43:02', 0, NULL),
(417, 54, '2023-11-14 15:13:35', '2023-11-14 15:13:35', 0, NULL),
(418, 26, '2023-10-27 16:07:45', '2023-10-27 16:07:45', 0, NULL),
(418, 30, '2023-11-06 08:26:52', '2023-11-06 08:26:52', 0, NULL),
(418, 31, '2023-11-10 07:19:19', '2023-11-10 07:19:19', 0, NULL),
(418, 37, '2023-11-14 13:44:12', '2023-11-14 13:44:12', 0, NULL),
(418, 47, '2023-11-14 14:37:28', '2023-11-14 14:37:28', 0, NULL),
(418, 50, '2023-11-14 14:41:13', '2023-11-14 14:41:13', 0, NULL),
(418, 53, '2023-11-14 14:43:02', '2023-11-14 14:43:02', 0, NULL),
(418, 54, '2023-11-14 15:13:35', '2023-11-14 15:13:35', 0, NULL),
(419, 26, '2023-10-27 16:07:45', '2023-10-27 16:07:45', 0, NULL),
(419, 30, '2023-11-06 08:28:34', '2023-11-06 08:26:52', 10, 2),
(419, 31, '2023-11-10 07:19:19', '2023-11-10 07:19:19', 0, NULL),
(419, 37, '2023-11-14 13:44:12', '2023-11-14 13:44:12', 0, NULL),
(419, 47, '2023-11-14 14:37:28', '2023-11-14 14:37:28', 0, NULL),
(419, 50, '2023-11-14 14:41:13', '2023-11-14 14:41:13', 0, NULL),
(419, 53, '2023-11-14 14:43:02', '2023-11-14 14:43:02', 0, NULL),
(419, 54, '2023-11-14 15:13:35', '2023-11-14 15:13:35', 0, NULL),
(420, 26, '2023-10-27 16:07:45', '2023-10-27 16:07:45', 0, NULL),
(420, 30, '2023-11-06 08:26:52', '2023-11-06 08:26:52', 0, NULL),
(420, 31, '2023-11-10 07:19:19', '2023-11-10 07:19:19', 0, NULL),
(420, 37, '2023-11-14 13:44:12', '2023-11-14 13:44:12', 0, NULL),
(420, 47, '2023-11-14 14:37:28', '2023-11-14 14:37:28', 0, NULL),
(420, 50, '2023-11-14 14:41:13', '2023-11-14 14:41:13', 0, NULL),
(420, 53, '2023-11-14 14:43:02', '2023-11-14 14:43:02', 0, NULL),
(420, 54, '2023-11-14 15:13:35', '2023-11-14 15:13:35', 0, NULL),
(421, 26, '2023-10-27 16:07:45', '2023-10-27 16:07:45', 0, NULL),
(421, 30, '2023-11-06 08:26:52', '2023-11-06 08:26:52', 0, NULL),
(421, 31, '2023-11-10 07:19:19', '2023-11-10 07:19:19', 0, NULL),
(421, 37, '2023-11-14 13:44:12', '2023-11-14 13:44:12', 0, NULL),
(421, 47, '2023-11-14 14:37:28', '2023-11-14 14:37:28', 0, NULL),
(421, 50, '2023-11-14 14:41:13', '2023-11-14 14:41:13', 0, NULL),
(421, 53, '2023-11-14 14:43:02', '2023-11-14 14:43:02', 0, NULL),
(421, 54, '2023-11-14 15:13:35', '2023-11-14 15:13:35', 0, NULL),
(422, 26, '2023-10-27 16:07:45', '2023-10-27 16:07:45', 0, NULL),
(422, 30, '2023-11-06 08:26:52', '2023-11-06 08:26:52', 0, NULL),
(422, 31, '2023-11-10 07:19:19', '2023-11-10 07:19:19', 0, NULL),
(422, 37, '2023-11-14 13:44:12', '2023-11-14 13:44:12', 0, NULL),
(422, 47, '2023-11-14 14:37:28', '2023-11-14 14:37:28', 0, NULL),
(422, 50, '2023-11-14 14:41:13', '2023-11-14 14:41:13', 0, NULL),
(422, 53, '2023-11-14 14:43:02', '2023-11-14 14:43:02', 0, NULL),
(422, 54, '2023-11-14 15:13:35', '2023-11-14 15:13:35', 0, NULL),
(423, 26, '2023-10-27 16:07:45', '2023-10-27 16:07:45', 0, NULL),
(423, 30, '2023-11-06 08:26:52', '2023-11-06 08:26:52', 0, NULL),
(423, 31, '2023-11-10 07:19:19', '2023-11-10 07:19:19', 0, NULL),
(423, 37, '2023-11-14 13:44:12', '2023-11-14 13:44:12', 0, NULL),
(423, 47, '2023-11-14 14:37:28', '2023-11-14 14:37:28', 0, NULL),
(423, 50, '2023-11-14 14:41:13', '2023-11-14 14:41:13', 0, NULL),
(423, 53, '2023-11-14 14:43:02', '2023-11-14 14:43:02', 0, NULL),
(423, 54, '2023-11-14 15:13:35', '2023-11-14 15:13:35', 0, NULL),
(424, 26, '2023-10-27 16:07:45', '2023-10-27 16:07:45', 0, NULL),
(424, 30, '2023-11-06 08:26:52', '2023-11-06 08:26:52', 0, NULL),
(424, 31, '2023-11-10 07:19:19', '2023-11-10 07:19:19', 0, NULL),
(424, 37, '2023-11-14 13:44:12', '2023-11-14 13:44:12', 0, NULL),
(424, 47, '2023-11-14 14:37:28', '2023-11-14 14:37:28', 0, NULL),
(424, 50, '2023-11-14 14:41:13', '2023-11-14 14:41:13', 0, NULL),
(424, 53, '2023-11-14 14:43:02', '2023-11-14 14:43:02', 0, NULL),
(424, 54, '2023-11-14 15:13:35', '2023-11-14 15:13:35', 0, NULL),
(425, 26, '2023-10-27 16:07:45', '2023-10-27 16:07:45', 0, NULL),
(425, 30, '2023-11-06 08:26:52', '2023-11-06 08:26:52', 0, NULL),
(425, 31, '2023-11-10 07:19:19', '2023-11-10 07:19:19', 0, NULL),
(425, 37, '2023-11-14 13:44:12', '2023-11-14 13:44:12', 0, NULL),
(425, 47, '2023-11-14 14:37:28', '2023-11-14 14:37:28', 0, NULL),
(425, 50, '2023-11-14 14:41:13', '2023-11-14 14:41:13', 0, NULL),
(425, 53, '2023-11-14 14:43:02', '2023-11-14 14:43:02', 0, NULL),
(425, 54, '2023-11-14 15:13:35', '2023-11-14 15:13:35', 0, NULL),
(426, 26, '2023-10-27 16:07:45', '2023-10-27 16:07:45', 0, NULL),
(426, 30, '2023-11-06 08:26:52', '2023-11-06 08:26:52', 0, NULL),
(426, 31, '2023-11-10 07:19:19', '2023-11-10 07:19:19', 0, NULL),
(426, 37, '2023-11-14 13:44:12', '2023-11-14 13:44:12', 0, NULL),
(426, 47, '2023-11-14 14:37:28', '2023-11-14 14:37:28', 0, NULL),
(426, 50, '2023-11-14 14:41:13', '2023-11-14 14:41:13', 0, NULL),
(426, 53, '2023-11-14 14:43:02', '2023-11-14 14:43:02', 0, NULL),
(426, 54, '2023-11-14 15:13:35', '2023-11-14 15:13:35', 0, NULL),
(427, 26, '2023-10-27 16:09:08', '2023-10-27 16:07:45', 0, NULL),
(427, 30, '2023-11-06 08:26:52', '2023-11-06 08:26:52', 0, NULL),
(427, 31, '2023-11-10 07:19:19', '2023-11-10 07:19:19', 0, NULL),
(427, 37, '2023-11-14 13:44:12', '2023-11-14 13:44:12', 0, NULL),
(427, 47, '2023-11-14 14:37:28', '2023-11-14 14:37:28', 0, NULL),
(427, 50, '2023-11-14 14:41:13', '2023-11-14 14:41:13', 0, NULL),
(427, 53, '2023-11-14 14:43:02', '2023-11-14 14:43:02', 0, NULL),
(427, 54, '2023-11-14 15:13:35', '2023-11-14 15:13:35', 0, NULL),
(428, 26, '2023-10-27 16:07:45', '2023-10-27 16:07:45', 0, NULL),
(428, 30, '2023-11-06 08:26:52', '2023-11-06 08:26:52', 0, NULL),
(428, 31, '2023-11-10 07:19:19', '2023-11-10 07:19:19', 0, NULL),
(428, 37, '2023-11-14 13:44:12', '2023-11-14 13:44:12', 0, NULL),
(428, 47, '2023-11-14 14:37:28', '2023-11-14 14:37:28', 0, NULL),
(428, 50, '2023-11-14 14:41:13', '2023-11-14 14:41:13', 0, NULL),
(428, 53, '2023-11-14 14:43:02', '2023-11-14 14:43:02', 0, NULL),
(428, 54, '2023-11-14 15:13:35', '2023-11-14 15:13:35', 0, NULL),
(429, 21, '2023-10-26 08:22:54', '2023-10-26 08:22:54', 8, 2),
(429, 26, '2023-10-27 16:07:45', '2023-10-27 16:07:45', 0, NULL),
(429, 30, '2023-11-06 08:26:52', '2023-11-06 08:26:52', 0, NULL),
(429, 31, '2023-11-10 07:19:19', '2023-11-10 07:19:19', 0, NULL),
(429, 37, '2023-11-14 13:44:12', '2023-11-14 13:44:12', 0, NULL),
(429, 47, '2023-11-14 14:37:28', '2023-11-14 14:37:28', 0, NULL),
(429, 50, '2023-11-14 14:41:13', '2023-11-14 14:41:13', 0, NULL),
(429, 53, '2023-11-14 14:43:02', '2023-11-14 14:43:02', 0, NULL),
(429, 54, '2023-11-14 15:13:35', '2023-11-14 15:13:35', 0, NULL),
(430, 26, '2023-10-27 16:07:45', '2023-10-27 16:07:45', 0, NULL),
(430, 30, '2023-11-06 08:26:52', '2023-11-06 08:26:52', 0, NULL),
(430, 31, '2023-11-10 07:19:19', '2023-11-10 07:19:19', 0, NULL),
(430, 37, '2023-11-14 13:44:12', '2023-11-14 13:44:12', 0, NULL),
(430, 47, '2023-11-14 14:37:28', '2023-11-14 14:37:28', 0, NULL),
(430, 50, '2023-11-14 14:41:13', '2023-11-14 14:41:13', 0, NULL),
(430, 53, '2023-11-14 14:43:02', '2023-11-14 14:43:02', 0, NULL),
(430, 54, '2023-11-14 15:13:35', '2023-11-14 15:13:35', 0, NULL),
(431, 26, '2023-10-27 16:07:45', '2023-10-27 16:07:45', 0, NULL),
(431, 30, '2023-11-06 08:26:52', '2023-11-06 08:26:52', 0, NULL),
(431, 31, '2023-11-10 07:19:19', '2023-11-10 07:19:19', 0, NULL),
(431, 37, '2023-11-14 13:44:12', '2023-11-14 13:44:12', 0, NULL),
(431, 47, '2023-11-14 14:37:28', '2023-11-14 14:37:28', 0, NULL),
(431, 50, '2023-11-14 14:41:13', '2023-11-14 14:41:13', 0, NULL),
(431, 53, '2023-11-14 14:43:02', '2023-11-14 14:43:02', 0, NULL),
(431, 54, '2023-11-14 15:13:35', '2023-11-14 15:13:35', 0, NULL),
(432, 26, '2023-10-27 16:07:45', '2023-10-27 16:07:45', 0, NULL),
(432, 30, '2023-11-06 08:26:52', '2023-11-06 08:26:52', 0, NULL),
(432, 31, '2023-11-10 07:19:19', '2023-11-10 07:19:19', 0, NULL),
(432, 37, '2023-11-14 13:44:12', '2023-11-14 13:44:12', 0, NULL),
(432, 47, '2023-11-14 14:37:28', '2023-11-14 14:37:28', 0, NULL),
(432, 50, '2023-11-14 14:41:13', '2023-11-14 14:41:13', 0, NULL),
(432, 53, '2023-11-14 14:43:02', '2023-11-14 14:43:02', 0, NULL),
(432, 54, '2023-11-14 15:13:35', '2023-11-14 15:13:35', 0, NULL),
(433, 26, '2023-10-27 16:07:45', '2023-10-27 16:07:45', 0, NULL),
(433, 30, '2023-11-06 08:26:52', '2023-11-06 08:26:52', 0, NULL),
(433, 31, '2023-11-10 07:19:19', '2023-11-10 07:19:19', 0, NULL),
(433, 37, '2023-11-14 13:44:12', '2023-11-14 13:44:12', 0, NULL),
(433, 47, '2023-11-14 14:37:29', '2023-11-14 14:37:29', 0, NULL),
(433, 50, '2023-11-14 14:41:13', '2023-11-14 14:41:13', 0, NULL),
(433, 53, '2023-11-14 14:43:02', '2023-11-14 14:43:02', 0, NULL),
(433, 54, '2023-11-14 15:13:35', '2023-11-14 15:13:35', 0, NULL),
(434, 21, '2023-10-26 08:22:52', '2023-10-26 08:22:52', 8, 2),
(434, 26, '2023-10-27 16:07:45', '2023-10-27 16:07:45', 0, NULL),
(434, 30, '2023-11-06 08:26:52', '2023-11-06 08:26:52', 0, NULL),
(434, 31, '2023-11-10 07:19:19', '2023-11-10 07:19:19', 0, NULL),
(434, 37, '2023-11-14 13:44:12', '2023-11-14 13:44:12', 0, NULL),
(434, 47, '2023-11-14 14:37:29', '2023-11-14 14:37:29', 0, NULL),
(434, 50, '2023-11-14 14:41:13', '2023-11-14 14:41:13', 0, NULL),
(434, 53, '2023-11-14 14:43:02', '2023-11-14 14:43:02', 0, NULL),
(434, 54, '2023-11-14 15:13:35', '2023-11-14 15:13:35', 0, NULL),
(435, 26, '2023-10-27 16:07:45', '2023-10-27 16:07:45', 0, NULL),
(435, 30, '2023-11-06 08:28:34', '2023-11-06 08:26:52', 10, 2),
(435, 31, '2023-11-10 07:19:19', '2023-11-10 07:19:19', 0, NULL),
(435, 37, '2023-11-14 13:44:12', '2023-11-14 13:44:12', 0, NULL),
(435, 47, '2023-11-14 14:37:29', '2023-11-14 14:37:29', 0, NULL);
INSERT INTO `ves` (`Ma_ghe`, `Ma_lich_chieu`, `updated_at`, `created_at`, `Ma_khach_hang`, `Trang_thai`) VALUES
(435, 50, '2023-11-14 14:41:13', '2023-11-14 14:41:13', 0, NULL),
(435, 53, '2023-11-14 14:43:02', '2023-11-14 14:43:02', 0, NULL),
(435, 54, '2023-11-14 15:13:35', '2023-11-14 15:13:35', 0, NULL),
(436, 26, '2023-10-27 16:07:45', '2023-10-27 16:07:45', 0, NULL),
(436, 30, '2023-11-06 08:28:34', '2023-11-06 08:26:52', 10, 2),
(436, 31, '2023-11-10 07:49:02', '2023-11-10 07:19:19', 6, 2),
(436, 37, '2023-11-14 13:44:12', '2023-11-14 13:44:12', 0, NULL),
(436, 47, '2023-11-14 14:37:29', '2023-11-14 14:37:29', 0, NULL),
(436, 50, '2023-11-14 14:41:13', '2023-11-14 14:41:13', 0, NULL),
(436, 53, '2023-11-14 14:43:02', '2023-11-14 14:43:02', 0, NULL),
(436, 54, '2023-11-14 15:13:35', '2023-11-14 15:13:35', 0, NULL),
(437, 26, '2023-10-27 16:07:45', '2023-10-27 16:07:45', 0, NULL),
(437, 30, '2023-11-06 08:26:52', '2023-11-06 08:26:52', 0, NULL),
(437, 31, '2023-11-10 07:19:19', '2023-11-10 07:19:19', 0, NULL),
(437, 37, '2023-11-14 13:44:12', '2023-11-14 13:44:12', 0, NULL),
(437, 47, '2023-11-14 14:37:29', '2023-11-14 14:37:29', 0, NULL),
(437, 50, '2023-11-14 14:41:13', '2023-11-14 14:41:13', 0, NULL),
(437, 53, '2023-11-14 14:43:02', '2023-11-14 14:43:02', 0, NULL),
(437, 54, '2023-11-14 15:13:35', '2023-11-14 15:13:35', 0, NULL),
(438, 26, '2023-10-27 16:33:05', '2023-10-27 16:07:45', 2, 2),
(438, 30, '2023-11-06 08:26:52', '2023-11-06 08:26:52', 0, NULL),
(438, 31, '2023-11-10 07:21:18', '2023-11-10 07:19:19', 0, NULL),
(438, 37, '2023-11-14 13:44:12', '2023-11-14 13:44:12', 0, NULL),
(438, 47, '2023-11-14 14:37:29', '2023-11-14 14:37:29', 0, NULL),
(438, 50, '2023-11-14 14:41:13', '2023-11-14 14:41:13', 0, NULL),
(438, 53, '2023-11-14 14:43:02', '2023-11-14 14:43:02', 0, NULL),
(438, 54, '2023-11-14 15:13:35', '2023-11-14 15:13:35', 0, NULL),
(439, 26, '2023-10-27 16:07:45', '2023-10-27 16:07:45', 0, NULL),
(439, 30, '2023-11-06 08:26:52', '2023-11-06 08:26:52', 0, NULL),
(439, 31, '2023-11-10 07:19:19', '2023-11-10 07:19:19', 0, NULL),
(439, 37, '2023-11-14 13:44:12', '2023-11-14 13:44:12', 0, NULL),
(439, 47, '2023-11-14 14:37:29', '2023-11-14 14:37:29', 0, NULL),
(439, 50, '2023-11-14 14:41:13', '2023-11-14 14:41:13', 0, NULL),
(439, 53, '2023-11-14 14:43:02', '2023-11-14 14:43:02', 0, NULL),
(439, 54, '2023-11-14 15:13:35', '2023-11-14 15:13:35', 0, NULL),
(440, 21, '2023-10-26 08:22:58', '2023-10-26 08:22:58', 8, 2),
(440, 26, '2023-10-27 16:07:45', '2023-10-27 16:07:45', 0, NULL),
(440, 30, '2023-11-06 08:28:34', '2023-11-06 08:26:52', 10, 2),
(440, 31, '2023-11-10 07:19:19', '2023-11-10 07:19:19', 0, NULL),
(440, 37, '2023-11-14 13:44:12', '2023-11-14 13:44:12', 0, NULL),
(440, 47, '2023-11-14 14:37:29', '2023-11-14 14:37:29', 0, NULL),
(440, 50, '2023-11-14 14:41:13', '2023-11-14 14:41:13', 0, NULL),
(440, 53, '2023-11-14 14:43:02', '2023-11-14 14:43:02', 0, NULL),
(440, 54, '2023-11-14 15:13:35', '2023-11-14 15:13:35', 0, NULL),
(441, 26, '2023-10-27 16:07:45', '2023-10-27 16:07:45', 0, NULL),
(441, 30, '2023-11-06 08:26:52', '2023-11-06 08:26:52', 0, NULL),
(441, 31, '2023-11-10 07:19:19', '2023-11-10 07:19:19', 0, NULL),
(441, 37, '2023-11-14 13:44:12', '2023-11-14 13:44:12', 0, NULL),
(441, 47, '2023-11-14 14:37:29', '2023-11-14 14:37:29', 0, NULL),
(441, 50, '2023-11-14 14:41:13', '2023-11-14 14:41:13', 0, NULL),
(441, 53, '2023-11-14 14:43:02', '2023-11-14 14:43:02', 0, NULL),
(441, 54, '2023-11-14 15:13:35', '2023-11-14 15:13:35', 0, NULL),
(442, 26, '2023-10-27 16:07:45', '2023-10-27 16:07:45', 0, NULL),
(442, 30, '2023-11-06 08:26:52', '2023-11-06 08:26:52', 0, NULL),
(442, 31, '2023-11-10 07:19:19', '2023-11-10 07:19:19', 0, NULL),
(442, 37, '2023-11-14 13:44:12', '2023-11-14 13:44:12', 0, NULL),
(442, 47, '2023-11-14 14:37:29', '2023-11-14 14:37:29', 0, NULL),
(442, 50, '2023-11-14 14:41:13', '2023-11-14 14:41:13', 0, NULL),
(442, 53, '2023-11-14 14:43:02', '2023-11-14 14:43:02', 0, NULL),
(442, 54, '2023-11-14 15:13:35', '2023-11-14 15:13:35', 0, NULL),
(443, 26, '2023-10-27 16:07:45', '2023-10-27 16:07:45', 0, NULL),
(443, 30, '2023-11-06 08:28:34', '2023-11-06 08:26:52', 10, 2),
(443, 31, '2023-11-10 07:19:19', '2023-11-10 07:19:19', 0, NULL),
(443, 37, '2023-11-14 13:44:12', '2023-11-14 13:44:12', 0, NULL),
(443, 47, '2023-11-14 14:37:29', '2023-11-14 14:37:29', 0, NULL),
(443, 50, '2023-11-14 14:41:13', '2023-11-14 14:41:13', 0, NULL),
(443, 53, '2023-11-14 14:43:02', '2023-11-14 14:43:02', 0, NULL),
(443, 54, '2023-11-14 15:13:35', '2023-11-14 15:13:35', 0, NULL),
(444, 26, '2023-10-27 16:07:45', '2023-10-27 16:07:45', 0, NULL),
(444, 30, '2023-11-06 08:26:52', '2023-11-06 08:26:52', 0, NULL),
(444, 31, '2023-11-10 07:19:19', '2023-11-10 07:19:19', 0, NULL),
(444, 37, '2023-11-14 13:44:12', '2023-11-14 13:44:12', 0, NULL),
(444, 47, '2023-11-14 14:37:29', '2023-11-14 14:37:29', 0, NULL),
(444, 50, '2023-11-14 14:41:13', '2023-11-14 14:41:13', 0, NULL),
(444, 53, '2023-11-14 14:43:02', '2023-11-14 14:43:02', 0, NULL),
(444, 54, '2023-11-14 15:13:35', '2023-11-14 15:13:35', 0, NULL),
(445, 26, '2023-10-27 16:07:45', '2023-10-27 16:07:45', 0, NULL),
(445, 30, '2023-11-06 08:26:52', '2023-11-06 08:26:52', 0, NULL),
(445, 31, '2023-11-10 07:19:19', '2023-11-10 07:19:19', 0, NULL),
(445, 37, '2023-11-14 13:44:12', '2023-11-14 13:44:12', 0, NULL),
(445, 47, '2023-11-14 14:37:29', '2023-11-14 14:37:29', 0, NULL),
(445, 50, '2023-11-14 14:41:13', '2023-11-14 14:41:13', 0, NULL),
(445, 53, '2023-11-14 14:43:02', '2023-11-14 14:43:02', 0, NULL),
(445, 54, '2023-11-14 15:13:35', '2023-11-14 15:13:35', 0, NULL),
(446, 26, '2023-10-27 16:07:45', '2023-10-27 16:07:45', 0, NULL),
(446, 30, '2023-11-06 08:26:52', '2023-11-06 08:26:52', 0, NULL),
(446, 31, '2023-11-10 07:19:19', '2023-11-10 07:19:19', 0, NULL),
(446, 37, '2023-11-14 13:44:12', '2023-11-14 13:44:12', 0, NULL),
(446, 47, '2023-11-14 14:37:29', '2023-11-14 14:37:29', 0, NULL),
(446, 50, '2023-11-14 14:41:13', '2023-11-14 14:41:13', 0, NULL),
(446, 53, '2023-11-14 14:43:02', '2023-11-14 14:43:02', 0, NULL),
(446, 54, '2023-11-14 15:13:35', '2023-11-14 15:13:35', 0, NULL),
(447, 21, '2023-10-26 08:22:37', '2023-10-26 08:22:37', 8, 2),
(447, 26, '2023-10-27 16:33:05', '2023-10-27 16:07:45', 2, 2),
(447, 30, '2023-11-06 08:26:52', '2023-11-06 08:26:52', 0, NULL),
(447, 31, '2023-11-10 07:19:19', '2023-11-10 07:19:19', 0, NULL),
(447, 37, '2023-11-14 13:44:12', '2023-11-14 13:44:12', 0, NULL),
(447, 47, '2023-11-14 14:37:29', '2023-11-14 14:37:29', 0, NULL),
(447, 50, '2023-11-14 14:41:13', '2023-11-14 14:41:13', 0, NULL),
(447, 53, '2023-11-14 14:43:02', '2023-11-14 14:43:02', 0, NULL),
(447, 54, '2023-11-14 15:13:35', '2023-11-14 15:13:35', 0, NULL),
(448, 26, '2023-10-27 16:32:28', '2023-10-27 16:07:45', 0, NULL),
(448, 30, '2023-11-06 08:26:52', '2023-11-06 08:26:52', 0, NULL),
(448, 31, '2023-11-10 07:19:19', '2023-11-10 07:19:19', 0, NULL),
(448, 37, '2023-11-14 13:44:12', '2023-11-14 13:44:12', 0, NULL),
(448, 47, '2023-11-14 14:37:29', '2023-11-14 14:37:29', 0, NULL),
(448, 50, '2023-11-14 14:41:13', '2023-11-14 14:41:13', 0, NULL),
(448, 53, '2023-11-14 14:43:02', '2023-11-14 14:43:02', 0, NULL),
(448, 54, '2023-11-14 15:13:35', '2023-11-14 15:13:35', 0, NULL),
(449, 26, '2023-10-27 16:33:05', '2023-10-27 16:07:45', 2, 2),
(449, 30, '2023-11-06 08:26:52', '2023-11-06 08:26:52', 0, NULL),
(449, 31, '2023-11-10 07:19:19', '2023-11-10 07:19:19', 0, NULL),
(449, 37, '2023-11-14 13:44:12', '2023-11-14 13:44:12', 0, NULL),
(449, 47, '2023-11-14 14:37:29', '2023-11-14 14:37:29', 0, NULL),
(449, 50, '2023-11-14 14:41:13', '2023-11-14 14:41:13', 0, NULL),
(449, 53, '2023-11-14 14:43:02', '2023-11-14 14:43:02', 0, NULL),
(449, 54, '2023-11-14 15:13:35', '2023-11-14 15:13:35', 0, NULL),
(450, 26, '2023-10-27 16:07:45', '2023-10-27 16:07:45', 0, NULL),
(450, 30, '2023-11-06 08:26:52', '2023-11-06 08:26:52', 0, NULL),
(450, 31, '2023-11-10 07:19:19', '2023-11-10 07:19:19', 0, NULL),
(450, 37, '2023-11-14 13:44:12', '2023-11-14 13:44:12', 0, NULL),
(450, 47, '2023-11-14 14:37:29', '2023-11-14 14:37:29', 0, NULL),
(450, 50, '2023-11-14 14:41:13', '2023-11-14 14:41:13', 0, NULL),
(450, 53, '2023-11-14 14:43:02', '2023-11-14 14:43:02', 0, NULL),
(450, 54, '2023-11-14 15:13:35', '2023-11-14 15:13:35', 0, NULL),
(451, 26, '2023-10-27 16:07:45', '2023-10-27 16:07:45', 0, NULL),
(451, 30, '2023-11-06 08:26:52', '2023-11-06 08:26:52', 0, NULL),
(451, 31, '2023-11-10 07:19:19', '2023-11-10 07:19:19', 0, NULL),
(451, 37, '2023-11-14 13:44:12', '2023-11-14 13:44:12', 0, NULL),
(451, 47, '2023-11-14 14:37:29', '2023-11-14 14:37:29', 0, NULL),
(451, 50, '2023-11-14 14:41:13', '2023-11-14 14:41:13', 0, NULL),
(451, 53, '2023-11-14 14:43:02', '2023-11-14 14:43:02', 0, NULL),
(451, 54, '2023-11-14 15:13:35', '2023-11-14 15:13:35', 0, NULL),
(452, 26, '2023-10-27 16:07:45', '2023-10-27 16:07:45', 0, NULL),
(452, 30, '2023-11-06 08:26:52', '2023-11-06 08:26:52', 0, NULL),
(452, 31, '2023-11-10 07:19:19', '2023-11-10 07:19:19', 0, NULL),
(452, 37, '2023-11-14 13:44:12', '2023-11-14 13:44:12', 0, NULL),
(452, 47, '2023-11-14 14:37:29', '2023-11-14 14:37:29', 0, NULL),
(452, 50, '2023-11-14 14:41:13', '2023-11-14 14:41:13', 0, NULL),
(452, 53, '2023-11-14 14:43:02', '2023-11-14 14:43:02', 0, NULL),
(452, 54, '2023-11-14 15:13:35', '2023-11-14 15:13:35', 0, NULL),
(453, 26, '2023-10-27 16:07:45', '2023-10-27 16:07:45', 0, NULL),
(453, 30, '2023-11-06 08:26:52', '2023-11-06 08:26:52', 0, NULL),
(453, 31, '2023-11-10 07:19:19', '2023-11-10 07:19:19', 0, NULL),
(453, 37, '2023-11-14 13:44:12', '2023-11-14 13:44:12', 0, NULL),
(453, 47, '2023-11-14 14:37:29', '2023-11-14 14:37:29', 0, NULL),
(453, 50, '2023-11-14 14:41:13', '2023-11-14 14:41:13', 0, NULL),
(453, 53, '2023-11-14 14:43:02', '2023-11-14 14:43:02', 0, NULL),
(453, 54, '2023-11-14 15:13:35', '2023-11-14 15:13:35', 0, NULL),
(454, 26, '2023-10-27 16:07:45', '2023-10-27 16:07:45', 0, NULL),
(454, 30, '2023-11-06 08:26:52', '2023-11-06 08:26:52', 0, NULL),
(454, 31, '2023-11-10 07:19:19', '2023-11-10 07:19:19', 0, NULL),
(454, 37, '2023-11-14 13:44:12', '2023-11-14 13:44:12', 0, NULL),
(454, 47, '2023-11-14 14:37:29', '2023-11-14 14:37:29', 0, NULL),
(454, 50, '2023-11-14 14:41:13', '2023-11-14 14:41:13', 0, NULL),
(454, 53, '2023-11-14 14:43:02', '2023-11-14 14:43:02', 0, NULL),
(454, 54, '2023-11-14 15:13:35', '2023-11-14 15:13:35', 0, NULL),
(455, 26, '2023-10-27 16:07:45', '2023-10-27 16:07:45', 0, NULL),
(455, 30, '2023-11-06 08:26:52', '2023-11-06 08:26:52', 0, NULL),
(455, 31, '2023-11-10 07:49:02', '2023-11-10 07:19:19', 6, 2),
(455, 37, '2023-11-14 13:44:12', '2023-11-14 13:44:12', 0, NULL),
(455, 47, '2023-11-14 14:37:29', '2023-11-14 14:37:29', 0, NULL),
(455, 50, '2023-11-14 14:41:13', '2023-11-14 14:41:13', 0, NULL),
(455, 53, '2023-11-14 14:43:02', '2023-11-14 14:43:02', 0, NULL),
(455, 54, '2023-11-14 15:13:35', '2023-11-14 15:13:35', 0, NULL),
(456, 21, '2023-10-26 08:22:41', '2023-10-26 08:22:41', 8, 2),
(456, 26, '2023-10-27 16:07:45', '2023-10-27 16:07:45', 0, NULL),
(456, 30, '2023-11-06 08:26:52', '2023-11-06 08:26:52', 0, NULL),
(456, 31, '2023-11-10 07:19:19', '2023-11-10 07:19:19', 0, NULL),
(456, 37, '2023-11-14 13:44:12', '2023-11-14 13:44:12', 0, NULL),
(456, 47, '2023-11-14 14:37:29', '2023-11-14 14:37:29', 0, NULL),
(456, 50, '2023-11-14 14:41:13', '2023-11-14 14:41:13', 0, NULL),
(456, 53, '2023-11-14 14:43:02', '2023-11-14 14:43:02', 0, NULL),
(456, 54, '2023-11-14 15:13:35', '2023-11-14 15:13:35', 0, NULL),
(457, 26, '2023-10-27 16:07:45', '2023-10-27 16:07:45', 0, NULL),
(457, 30, '2023-11-06 08:28:34', '2023-11-06 08:26:52', 10, 2),
(457, 31, '2023-11-10 07:49:02', '2023-11-10 07:19:19', 6, 2),
(457, 37, '2023-11-14 13:44:12', '2023-11-14 13:44:12', 0, NULL),
(457, 47, '2023-11-14 14:37:29', '2023-11-14 14:37:29', 0, NULL),
(457, 50, '2023-11-14 14:41:13', '2023-11-14 14:41:13', 0, NULL),
(457, 53, '2023-11-14 14:43:02', '2023-11-14 14:43:02', 0, NULL),
(457, 54, '2023-11-14 15:13:35', '2023-11-14 15:13:35', 0, NULL),
(458, 26, '2023-10-27 16:07:45', '2023-10-27 16:07:45', 0, NULL),
(458, 30, '2023-11-06 08:26:52', '2023-11-06 08:26:52', 0, NULL),
(458, 31, '2023-11-10 07:20:07', '2023-11-10 07:19:19', 2, 2),
(458, 37, '2023-11-14 13:44:12', '2023-11-14 13:44:12', 0, NULL),
(458, 47, '2023-11-14 14:37:29', '2023-11-14 14:37:29', 0, NULL),
(458, 50, '2023-11-14 14:41:13', '2023-11-14 14:41:13', 0, NULL),
(458, 53, '2023-11-14 14:43:02', '2023-11-14 14:43:02', 0, NULL),
(458, 54, '2023-11-14 15:13:35', '2023-11-14 15:13:35', 0, NULL),
(459, 26, '2023-10-27 16:07:45', '2023-10-27 16:07:45', 0, NULL),
(459, 30, '2023-11-06 08:26:52', '2023-11-06 08:26:52', 0, NULL),
(459, 31, '2023-11-10 07:19:19', '2023-11-10 07:19:19', 0, NULL),
(459, 37, '2023-11-14 13:44:12', '2023-11-14 13:44:12', 0, NULL),
(459, 47, '2023-11-14 14:37:29', '2023-11-14 14:37:29', 0, NULL),
(459, 50, '2023-11-14 14:41:13', '2023-11-14 14:41:13', 0, NULL),
(459, 53, '2023-11-14 14:43:02', '2023-11-14 14:43:02', 0, NULL),
(459, 54, '2023-11-14 15:13:35', '2023-11-14 15:13:35', 0, NULL),
(460, 26, '2023-10-27 16:07:45', '2023-10-27 16:07:45', 0, NULL),
(460, 30, '2023-11-06 08:26:53', '2023-11-06 08:26:53', 0, NULL),
(460, 31, '2023-11-10 07:19:19', '2023-11-10 07:19:19', 0, NULL),
(460, 37, '2023-11-14 13:44:12', '2023-11-14 13:44:12', 0, NULL),
(460, 47, '2023-11-14 14:37:29', '2023-11-14 14:37:29', 0, NULL),
(460, 50, '2023-11-14 14:41:13', '2023-11-14 14:41:13', 0, NULL),
(460, 53, '2023-11-14 14:43:02', '2023-11-14 14:43:02', 0, NULL),
(460, 54, '2023-11-14 15:13:35', '2023-11-14 15:13:35', 0, NULL),
(461, 26, '2023-10-27 16:07:45', '2023-10-27 16:07:45', 0, NULL),
(461, 30, '2023-11-06 08:26:53', '2023-11-06 08:26:53', 0, NULL),
(461, 31, '2023-11-10 07:19:19', '2023-11-10 07:19:19', 0, NULL),
(461, 37, '2023-11-14 13:44:12', '2023-11-14 13:44:12', 0, NULL),
(461, 47, '2023-11-14 14:37:29', '2023-11-14 14:37:29', 0, NULL),
(461, 50, '2023-11-14 14:41:13', '2023-11-14 14:41:13', 0, NULL),
(461, 53, '2023-11-14 14:43:02', '2023-11-14 14:43:02', 0, NULL),
(461, 54, '2023-11-14 15:13:35', '2023-11-14 15:13:35', 0, NULL),
(462, 26, '2023-10-27 16:07:45', '2023-10-27 16:07:45', 0, NULL),
(462, 30, '2023-11-06 08:26:53', '2023-11-06 08:26:53', 0, NULL),
(462, 31, '2023-11-10 07:19:19', '2023-11-10 07:19:19', 0, NULL),
(462, 37, '2023-11-14 13:44:12', '2023-11-14 13:44:12', 0, NULL),
(462, 47, '2023-11-14 14:37:29', '2023-11-14 14:37:29', 0, NULL),
(462, 50, '2023-11-14 14:41:13', '2023-11-14 14:41:13', 0, NULL),
(462, 53, '2023-11-14 14:43:02', '2023-11-14 14:43:02', 0, NULL),
(462, 54, '2023-11-14 15:13:35', '2023-11-14 15:13:35', 0, NULL),
(463, 26, '2023-10-27 16:07:45', '2023-10-27 16:07:45', 0, NULL),
(463, 30, '2023-11-06 08:26:53', '2023-11-06 08:26:53', 0, NULL),
(463, 31, '2023-11-10 07:19:19', '2023-11-10 07:19:19', 0, NULL),
(463, 37, '2023-11-14 13:44:12', '2023-11-14 13:44:12', 0, NULL),
(463, 47, '2023-11-14 14:37:29', '2023-11-14 14:37:29', 0, NULL),
(463, 50, '2023-11-14 14:41:13', '2023-11-14 14:41:13', 0, NULL),
(463, 53, '2023-11-14 14:43:02', '2023-11-14 14:43:02', 0, NULL),
(463, 54, '2023-11-14 15:13:35', '2023-11-14 15:13:35', 0, NULL),
(464, 26, '2023-10-27 16:07:45', '2023-10-27 16:07:45', 0, NULL),
(464, 30, '2023-11-06 08:26:53', '2023-11-06 08:26:53', 0, NULL),
(464, 31, '2023-11-10 07:19:19', '2023-11-10 07:19:19', 0, NULL),
(464, 37, '2023-11-14 13:44:12', '2023-11-14 13:44:12', 0, NULL),
(464, 47, '2023-11-14 14:37:29', '2023-11-14 14:37:29', 0, NULL),
(464, 50, '2023-11-14 14:41:13', '2023-11-14 14:41:13', 0, NULL),
(464, 53, '2023-11-14 14:43:02', '2023-11-14 14:43:02', 0, NULL),
(464, 54, '2023-11-14 15:13:35', '2023-11-14 15:13:35', 0, NULL),
(465, 26, '2023-10-27 16:07:45', '2023-10-27 16:07:45', 0, NULL),
(465, 30, '2023-11-06 08:26:53', '2023-11-06 08:26:53', 0, NULL),
(465, 31, '2023-11-10 07:19:19', '2023-11-10 07:19:19', 0, NULL),
(465, 37, '2023-11-14 13:44:12', '2023-11-14 13:44:12', 0, NULL),
(465, 47, '2023-11-14 14:37:29', '2023-11-14 14:37:29', 0, NULL),
(465, 50, '2023-11-14 14:41:13', '2023-11-14 14:41:13', 0, NULL),
(465, 53, '2023-11-14 14:43:02', '2023-11-14 14:43:02', 0, NULL),
(465, 54, '2023-11-14 15:13:35', '2023-11-14 15:13:35', 0, NULL),
(466, 26, '2023-10-27 16:07:45', '2023-10-27 16:07:45', 0, NULL),
(466, 30, '2023-11-06 08:26:53', '2023-11-06 08:26:53', 0, NULL),
(466, 31, '2023-11-10 07:19:19', '2023-11-10 07:19:19', 0, NULL),
(466, 37, '2023-11-14 13:44:12', '2023-11-14 13:44:12', 0, NULL),
(466, 47, '2023-11-14 14:37:29', '2023-11-14 14:37:29', 0, NULL),
(466, 50, '2023-11-14 14:41:13', '2023-11-14 14:41:13', 0, NULL),
(466, 53, '2023-11-14 14:43:02', '2023-11-14 14:43:02', 0, NULL),
(466, 54, '2023-11-14 15:13:35', '2023-11-14 15:13:35', 0, NULL),
(467, 26, '2023-10-27 16:07:45', '2023-10-27 16:07:45', 0, NULL),
(467, 30, '2023-11-06 08:26:53', '2023-11-06 08:26:53', 0, NULL),
(467, 31, '2023-11-10 07:19:19', '2023-11-10 07:19:19', 0, NULL),
(467, 37, '2023-11-14 13:44:12', '2023-11-14 13:44:12', 0, NULL),
(467, 47, '2023-11-14 14:37:29', '2023-11-14 14:37:29', 0, NULL),
(467, 50, '2023-11-14 14:41:13', '2023-11-14 14:41:13', 0, NULL),
(467, 53, '2023-11-14 14:43:02', '2023-11-14 14:43:02', 0, NULL),
(467, 54, '2023-11-14 15:13:35', '2023-11-14 15:13:35', 0, NULL),
(468, 26, '2023-10-27 16:07:45', '2023-10-27 16:07:45', 0, NULL),
(468, 30, '2023-11-06 08:26:53', '2023-11-06 08:26:53', 0, NULL),
(468, 31, '2023-11-10 07:19:19', '2023-11-10 07:19:19', 0, NULL),
(468, 37, '2023-11-14 13:44:12', '2023-11-14 13:44:12', 0, NULL),
(468, 47, '2023-11-14 14:37:29', '2023-11-14 14:37:29', 0, NULL),
(468, 50, '2023-11-14 14:41:13', '2023-11-14 14:41:13', 0, NULL),
(468, 53, '2023-11-14 14:43:02', '2023-11-14 14:43:02', 0, NULL),
(468, 54, '2023-11-14 15:13:35', '2023-11-14 15:13:35', 0, NULL),
(469, 26, '2023-10-27 16:07:45', '2023-10-27 16:07:45', 0, NULL),
(469, 30, '2023-11-06 08:26:53', '2023-11-06 08:26:53', 0, NULL),
(469, 31, '2023-11-10 07:19:19', '2023-11-10 07:19:19', 0, NULL),
(469, 37, '2023-11-14 13:44:12', '2023-11-14 13:44:12', 0, NULL),
(469, 47, '2023-11-14 14:37:29', '2023-11-14 14:37:29', 0, NULL),
(469, 50, '2023-11-14 14:41:13', '2023-11-14 14:41:13', 0, NULL),
(469, 53, '2023-11-14 14:43:02', '2023-11-14 14:43:02', 0, NULL),
(469, 54, '2023-11-14 15:13:35', '2023-11-14 15:13:35', 0, NULL),
(470, 26, '2023-10-27 16:07:45', '2023-10-27 16:07:45', 0, NULL),
(470, 30, '2023-11-06 08:26:53', '2023-11-06 08:26:53', 0, NULL),
(470, 31, '2023-11-10 07:19:19', '2023-11-10 07:19:19', 0, NULL),
(470, 37, '2023-11-14 13:44:12', '2023-11-14 13:44:12', 0, NULL),
(470, 47, '2023-11-14 14:37:29', '2023-11-14 14:37:29', 0, NULL),
(470, 50, '2023-11-14 14:41:13', '2023-11-14 14:41:13', 0, NULL),
(470, 53, '2023-11-14 14:43:02', '2023-11-14 14:43:02', 0, NULL),
(470, 54, '2023-11-14 15:13:35', '2023-11-14 15:13:35', 0, NULL),
(471, 26, '2023-10-27 16:07:45', '2023-10-27 16:07:45', 0, NULL),
(471, 30, '2023-11-06 08:28:34', '2023-11-06 08:26:53', 10, 2),
(471, 31, '2023-11-10 07:49:02', '2023-11-10 07:19:19', 6, 2),
(471, 37, '2023-11-14 13:44:12', '2023-11-14 13:44:12', 0, NULL),
(471, 47, '2023-11-14 14:37:29', '2023-11-14 14:37:29', 0, NULL),
(471, 50, '2023-11-14 14:41:13', '2023-11-14 14:41:13', 0, NULL),
(471, 53, '2023-11-14 14:43:02', '2023-11-14 14:43:02', 0, NULL),
(471, 54, '2023-11-14 15:13:35', '2023-11-14 15:13:35', 0, NULL),
(472, 26, '2023-10-27 16:07:45', '2023-10-27 16:07:45', 0, NULL),
(472, 30, '2023-11-06 08:26:53', '2023-11-06 08:26:53', 0, NULL),
(472, 31, '2023-11-10 07:49:02', '2023-11-10 07:19:19', 6, 2),
(472, 37, '2023-11-14 13:44:12', '2023-11-14 13:44:12', 0, NULL),
(472, 47, '2023-11-14 14:37:29', '2023-11-14 14:37:29', 0, NULL),
(472, 50, '2023-11-14 14:41:13', '2023-11-14 14:41:13', 0, NULL),
(472, 53, '2023-11-14 14:43:02', '2023-11-14 14:43:02', 0, NULL),
(472, 54, '2023-11-14 15:13:35', '2023-11-14 15:13:35', 0, NULL),
(473, 26, '2023-10-27 16:07:45', '2023-10-27 16:07:45', 0, NULL),
(473, 30, '2023-11-06 08:26:53', '2023-11-06 08:26:53', 0, NULL),
(473, 31, '2023-11-10 07:49:02', '2023-11-10 07:19:19', 6, 2),
(473, 37, '2023-11-14 13:44:12', '2023-11-14 13:44:12', 0, NULL),
(473, 47, '2023-11-14 14:37:29', '2023-11-14 14:37:29', 0, NULL),
(473, 50, '2023-11-14 14:41:13', '2023-11-14 14:41:13', 0, NULL),
(473, 53, '2023-11-14 14:43:02', '2023-11-14 14:43:02', 0, NULL),
(473, 54, '2023-11-14 15:13:35', '2023-11-14 15:13:35', 0, NULL),
(474, 21, '2023-10-26 08:22:49', '2023-10-26 08:22:49', 8, 2),
(474, 26, '2023-10-27 16:07:45', '2023-10-27 16:07:45', 0, NULL),
(474, 30, '2023-11-06 08:28:34', '2023-11-06 08:26:53', 10, 2),
(474, 31, '2023-11-10 07:49:02', '2023-11-10 07:19:19', 6, 2),
(474, 37, '2023-11-14 13:44:12', '2023-11-14 13:44:12', 0, NULL),
(474, 47, '2023-11-14 14:37:29', '2023-11-14 14:37:29', 0, NULL),
(474, 50, '2023-11-14 14:41:13', '2023-11-14 14:41:13', 0, NULL),
(474, 53, '2023-11-14 14:43:02', '2023-11-14 14:43:02', 0, NULL),
(474, 54, '2023-11-14 15:13:35', '2023-11-14 15:13:35', 0, NULL),
(475, 26, '2023-10-27 16:07:45', '2023-10-27 16:07:45', 0, NULL),
(475, 30, '2023-11-06 08:26:53', '2023-11-06 08:26:53', 0, NULL),
(475, 31, '2023-11-10 07:19:19', '2023-11-10 07:19:19', 0, NULL),
(475, 37, '2023-11-14 13:44:12', '2023-11-14 13:44:12', 0, NULL),
(475, 47, '2023-11-14 14:37:29', '2023-11-14 14:37:29', 0, NULL),
(475, 50, '2023-11-14 14:41:13', '2023-11-14 14:41:13', 0, NULL),
(475, 53, '2023-11-14 14:43:02', '2023-11-14 14:43:02', 0, NULL),
(475, 54, '2023-11-14 15:13:35', '2023-11-14 15:13:35', 0, NULL);

--
-- Indexes for dumped tables
--

--
-- Indexes for table `chi_tiet_phims`
--
ALTER TABLE `chi_tiet_phims`
  ADD PRIMARY KEY (`Ma_phim`) USING BTREE;

--
-- Indexes for table `danh_sach_phims`
--
ALTER TABLE `danh_sach_phims`
  ADD PRIMARY KEY (`Ma_phim`) USING BTREE;

--
-- Indexes for table `ghes`
--
ALTER TABLE `ghes`
  ADD PRIMARY KEY (`Ma_ghe`) USING BTREE,
  ADD KEY `FK_ghe_phong` (`Ma_phong`);

--
-- Indexes for table `lich_chieus`
--
ALTER TABLE `lich_chieus`
  ADD PRIMARY KEY (`Ma_lich_chieu`) USING BTREE,
  ADD KEY `FK_lich_chieus_danh_sach_phims` (`Ma_phim`) USING BTREE,
  ADD KEY `FK_lich_chieus_phong` (`Ma_phong`) USING BTREE;

--
-- Indexes for table `phongs`
--
ALTER TABLE `phongs`
  ADD PRIMARY KEY (`Ma_phong`) USING BTREE;

--
-- Indexes for table `sliders`
--
ALTER TABLE `sliders`
  ADD PRIMARY KEY (`id`);

--
-- Indexes for table `users`
--
ALTER TABLE `users`
  ADD PRIMARY KEY (`id`),
  ADD UNIQUE KEY `users_email_unique` (`email`);

--
-- Indexes for table `ves`
--
ALTER TABLE `ves`
  ADD PRIMARY KEY (`Ma_ghe`,`Ma_lich_chieu`,`Ma_khach_hang`),
  ADD KEY `FK_ves_lich_chieus` (`Ma_lich_chieu`),
  ADD KEY `FK_ves_users` (`Ma_khach_hang`);

--
-- AUTO_INCREMENT for dumped tables
--

--
-- AUTO_INCREMENT for table `chi_tiet_phims`
--
ALTER TABLE `chi_tiet_phims`
  MODIFY `Ma_phim` int(11) NOT NULL AUTO_INCREMENT, AUTO_INCREMENT=31;

--
-- AUTO_INCREMENT for table `danh_sach_phims`
--
ALTER TABLE `danh_sach_phims`
  MODIFY `Ma_phim` int(10) NOT NULL AUTO_INCREMENT, AUTO_INCREMENT=31;

--
-- AUTO_INCREMENT for table `ghes`
--
ALTER TABLE `ghes`
  MODIFY `Ma_ghe` int(11) NOT NULL AUTO_INCREMENT, AUTO_INCREMENT=476;

--
-- AUTO_INCREMENT for table `lich_chieus`
--
ALTER TABLE `lich_chieus`
  MODIFY `Ma_lich_chieu` int(11) NOT NULL AUTO_INCREMENT, AUTO_INCREMENT=55;

--
-- AUTO_INCREMENT for table `phongs`
--
ALTER TABLE `phongs`
  MODIFY `Ma_phong` int(11) NOT NULL AUTO_INCREMENT, AUTO_INCREMENT=6;

--
-- AUTO_INCREMENT for table `sliders`
--
ALTER TABLE `sliders`
  MODIFY `id` int(11) NOT NULL AUTO_INCREMENT, AUTO_INCREMENT=9;

--
-- AUTO_INCREMENT for table `users`
--
ALTER TABLE `users`
  MODIFY `id` int(10) NOT NULL AUTO_INCREMENT, AUTO_INCREMENT=12;

--
-- Constraints for dumped tables
--

--
-- Constraints for table `chi_tiet_phims`
--
ALTER TABLE `chi_tiet_phims`
  ADD CONSTRAINT `FK_chi_tiet_phims_danh_sach_phims` FOREIGN KEY (`Ma_phim`) REFERENCES `danh_sach_phims` (`Ma_phim`) ON DELETE NO ACTION ON UPDATE CASCADE;

--
-- Constraints for table `ghes`
--
ALTER TABLE `ghes`
  ADD CONSTRAINT `FK_ghe_phong` FOREIGN KEY (`Ma_phong`) REFERENCES `phongs` (`Ma_phong`);

--
-- Constraints for table `lich_chieus`
--
ALTER TABLE `lich_chieus`
  ADD CONSTRAINT `FK_lich_chieus_danh_sach_phims` FOREIGN KEY (`Ma_phim`) REFERENCES `danh_sach_phims` (`Ma_phim`) ON DELETE CASCADE ON UPDATE CASCADE,
  ADD CONSTRAINT `FK_lich_chieus_phongs` FOREIGN KEY (`Ma_phong`) REFERENCES `phongs` (`Ma_phong`) ON DELETE NO ACTION ON UPDATE NO ACTION;

--
-- Constraints for table `ves`
--
ALTER TABLE `ves`
  ADD CONSTRAINT `FK_ve_ghe` FOREIGN KEY (`Ma_ghe`) REFERENCES `ghes` (`Ma_ghe`),
  ADD CONSTRAINT `FK_ves_lich_chieus` FOREIGN KEY (`Ma_lich_chieu`) REFERENCES `lich_chieus` (`Ma_lich_chieu`),
  ADD CONSTRAINT `FK_ves_users` FOREIGN KEY (`Ma_khach_hang`) REFERENCES `users` (`id`);
COMMIT;

/*!40101 SET CHARACTER_SET_CLIENT=@OLD_CHARACTER_SET_CLIENT */;
/*!40101 SET CHARACTER_SET_RESULTS=@OLD_CHARACTER_SET_RESULTS */;
/*!40101 SET COLLATION_CONNECTION=@OLD_COLLATION_CONNECTION */;
